from,to,count
UnderwaterRobotSystem,(root),103
UnderwaterRobotSystem,nav_core,193
UnderwaterRobotSystem,shared,88
UnderwaterRobotSystem,yaml-cpp,9
UnderwaterRobotSystem,Eigen,7
UnderwaterRobotSystem,sys,43
UnderwaterRobotSystem,gateway,69
UnderwaterRobotSystem,proto_gcs,9
UnderwaterRobotSystem,arpa,4
UnderwaterRobotSystem,netinet,3
UnderwaterRobotSystem,controllers,18
UnderwaterRobotSystem,control_core,59
UnderwaterRobotSystem,io,48
UnderwaterRobotSystem,platform,13
UnderwaterRobotSystem,utils,16
