rel_path,lang,total_lines,blank_lines,comment_lines,code_lines,branch_tokens
tools/project_size_report.py,python,392,69,35,288,74
tools/quality/git_hotspots.py,python,120,20,8,92,22
tools/quality/metrics_complexity.py,python,179,28,16,135,27
tools/quality/deps_includes.py,python,101,15,16,70,20
tools/quality/report_md.py,python,471,53,2,416,77
tools/quality/__init__.py,python,0,0,0,0,0
tools/quality/metrics_loc.py,python,150,26,17,107,26
tools/quality/audit.py,python,274,31,35,208,9
tools/quality/cmake_audit.py,python,0,0,0,0,0
tools/quality/common.py,python,143,24,4,115,28
tools/quality/risk_scan.py,python,90,17,2,71,9
UnderwaterRobotSystem/CMakeLists.txt,cmake,7,2,0,5,1
UnderwaterRobotSystem/Underwater-robot-navigation/git_auto.py,python,89,17,20,52,7
UnderwaterRobotSystem/Underwater-robot-navigation/apps/__init__.py,python,0,0,0,0,0
UnderwaterRobotSystem/Underwater-robot-navigation/apps/tools/imu_xy_zero.py,python,55,11,7,37,3
UnderwaterRobotSystem/Underwater-robot-navigation/apps/tools/imu_baud_switch.py,python,105,11,12,82,13
UnderwaterRobotSystem/Underwater-robot-navigation/apps/tools/dvl_data_verifier.py,python,283,34,34,215,31
UnderwaterRobotSystem/Underwater-robot-navigation/apps/tools/tmux_telemetry_manager.py,python,325,57,39,229,44
UnderwaterRobotSystem/Underwater-robot-navigation/apps/tools/dvl_safety_probe.py,python,223,38,18,167,22
UnderwaterRobotSystem/Underwater-robot-navigation/apps/tools/multisensor_postproc.py,python,336,56,77,203,33
UnderwaterRobotSystem/Underwater-robot-navigation/apps/tools/volt32_data_verifier.py,python,310,58,27,225,40
UnderwaterRobotSystem/Underwater-robot-navigation/apps/tools/imu_data_verifier.py,python,415,69,48,298,37
UnderwaterRobotSystem/Underwater-robot-navigation/apps/acquire/imu_logger.py,python,420,68,45,307,38
UnderwaterRobotSystem/Underwater-robot-navigation/apps/acquire/sensor_capture_launcher.py,python,535,81,11,443,79
UnderwaterRobotSystem/Underwater-robot-navigation/apps/acquire/Volt32_logger.py,python,484,62,47,375,66
UnderwaterRobotSystem/Underwater-robot-navigation/apps/acquire/DVL_logger.py,python,712,117,111,484,93
UnderwaterRobotSystem/Underwater-robot-navigation/uwnav/__init__.py,python,0,0,0,0,0
UnderwaterRobotSystem/Underwater-robot-navigation/uwnav/nav/__init__.py,python,0,0,0,0,0
UnderwaterRobotSystem/Underwater-robot-navigation/uwnav/fusion/__init__.py,python,0,0,0,0,0
UnderwaterRobotSystem/Underwater-robot-navigation/uwnav/fusion/meas_models/dvl.py,python,0,0,0,0,0
UnderwaterRobotSystem/Underwater-robot-navigation/uwnav/fusion/meas_models/__init__.py,python,0,0,0,0,0
UnderwaterRobotSystem/Underwater-robot-navigation/uwnav/io/channel_frames.py,python,68,18,5,45,11
UnderwaterRobotSystem/Underwater-robot-navigation/uwnav/io/acquisition_diagnostics.py,python,201,29,7,165,12
UnderwaterRobotSystem/Underwater-robot-navigation/uwnav/io/data_paths.py,python,35,7,15,13,1
UnderwaterRobotSystem/Underwater-robot-navigation/uwnav/io/__init__.py,python,0,0,0,0,0
UnderwaterRobotSystem/Underwater-robot-navigation/uwnav/io/timebase.py,python,181,42,73,66,4
UnderwaterRobotSystem/Underwater-robot-navigation/uwnav/drivers/__init__.py,python,0,0,0,0,0
UnderwaterRobotSystem/Underwater-robot-navigation/uwnav/drivers/imu/WitHighModbus/imu_xy_zero.py,python,55,11,7,37,3
UnderwaterRobotSystem/Underwater-robot-navigation/uwnav/drivers/imu/WitHighModbus/filters.py,python,172,23,39,110,15
UnderwaterRobotSystem/Underwater-robot-navigation/uwnav/drivers/imu/WitHighModbus/imu_baud_switch.py,python,106,12,12,82,13
UnderwaterRobotSystem/Underwater-robot-navigation/uwnav/drivers/imu/WitHighModbus/test.py,python,24,6,10,8,1
UnderwaterRobotSystem/Underwater-robot-navigation/uwnav/drivers/imu/WitHighModbus/serial_io_tools.py,python,117,12,10,95,18
UnderwaterRobotSystem/Underwater-robot-navigation/uwnav/drivers/imu/WitHighModbus/sensor1.py,python,127,19,14,94,7
UnderwaterRobotSystem/Underwater-robot-navigation/uwnav/drivers/imu/WitHighModbus/tool.py,python,71,7,27,37,7
UnderwaterRobotSystem/Underwater-robot-navigation/uwnav/drivers/imu/WitHighModbus/__init__.py,python,0,0,0,0,0
UnderwaterRobotSystem/Underwater-robot-navigation/uwnav/drivers/imu/WitHighModbus/device_model.py,python,383,47,86,250,27
UnderwaterRobotSystem/Underwater-robot-navigation/uwnav/drivers/imu/WitHighModbus/Python-WitProtocol(输出经纬度2)-1661322549826/chs/WT901C485.py,python,158,12,115,31,9
UnderwaterRobotSystem/Underwater-robot-navigation/uwnav/drivers/imu/WitHighModbus/Python-WitProtocol(输出经纬度2)-1661322549826/chs/JY901S.py,python,160,12,119,29,8
UnderwaterRobotSystem/Underwater-robot-navigation/uwnav/drivers/imu/WitHighModbus/Python-WitProtocol(输出经纬度2)-1661322549826/chs/lib/device_model.py,python,242,37,105,100,18
UnderwaterRobotSystem/Underwater-robot-navigation/uwnav/drivers/imu/WitHighModbus/Python-WitProtocol(输出经纬度2)-1661322549826/chs/lib/protocol_resolver/interface/i_protocol_resolver.py,python,100,13,55,32,0
UnderwaterRobotSystem/Underwater-robot-navigation/uwnav/drivers/imu/WitHighModbus/Python-WitProtocol(输出经纬度2)-1661322549826/chs/lib/protocol_resolver/roles/wit_protocol_resolver.py,python,368,34,114,220,40
UnderwaterRobotSystem/Underwater-robot-navigation/uwnav/drivers/imu/WitHighModbus/Python-WitProtocol(输出经纬度2)-1661322549826/chs/lib/protocol_resolver/roles/protocol_485_resolver.py,python,310,19,81,210,31
UnderwaterRobotSystem/Underwater-robot-navigation/uwnav/drivers/imu/WitHighModbus/Python-WitProtocol(输出经纬度2)-1661322549826/chs/lib/data_processor/interface/i_data_processor.py,python,23,5,6,12,0
UnderwaterRobotSystem/Underwater-robot-navigation/uwnav/drivers/imu/WitHighModbus/Python-WitProtocol(输出经纬度2)-1661322549826/chs/lib/data_processor/roles/jy901s_dataProcessor.py,python,20,5,4,11,1
UnderwaterRobotSystem/Underwater-robot-navigation/uwnav/drivers/imu/WitHighModbus/Python-WitProtocol(输出经纬度2)-1661322549826/chs/lib/utils/byte_array_converter.py,python,8,2,4,2,0
UnderwaterRobotSystem/Underwater-robot-navigation/uwnav/drivers/dvl/hover_h1000/tcp_if.py,python,160,22,58,80,13
UnderwaterRobotSystem/Underwater-robot-navigation/uwnav/drivers/dvl/hover_h1000/protocol.py,python,334,39,62,233,46
UnderwaterRobotSystem/Underwater-robot-navigation/uwnav/drivers/dvl/hover_h1000/serial_if.py,python,133,19,49,65,11
UnderwaterRobotSystem/Underwater-robot-navigation/uwnav/drivers/dvl/hover_h1000/__init__.py,python,0,0,0,0,0
UnderwaterRobotSystem/Underwater-robot-navigation/uwnav/drivers/dvl/hover_h1000/io.py,python,1006,147,183,676,114
UnderwaterRobotSystem/Underwater-robot-navigation/uwnav/drivers/dvl/hover_h1000/command.py,python,81,11,12,58,19
UnderwaterRobotSystem/Underwater-robot-navigation/uwnav/sensors/dvl_hover_h1000.py,python,110,10,9,91,15
UnderwaterRobotSystem/Underwater-robot-navigation/uwnav/sensors/imu.py,python,480,52,61,367,54
UnderwaterRobotSystem/Underwater-robot-navigation/uwnav/sensors/__init__.py,python,0,0,0,0,0
UnderwaterRobotSystem/Underwater-robot-navigation/uwnav/preprocess/__init__.py,python,0,0,0,0,0
UnderwaterRobotSystem/Underwater-robot-navigation/tests/test_channel_frames.py,python,33,8,0,25,2
UnderwaterRobotSystem/Underwater-robot-navigation/tests/test_acquisition_diagnostics.py,python,46,10,0,36,2
UnderwaterRobotSystem/Underwater-robot-navigation/tests/test_dvl_protocol.py,python,40,10,0,30,4
UnderwaterRobotSystem/Underwater-robot-navigation/tests/test_sensor_capture_launcher.py,python,72,10,0,62,9
UnderwaterRobotSystem/Underwater-robot-navigation/nav_core/CMakeLists.txt,cmake,302,42,0,260,9
UnderwaterRobotSystem/Underwater-robot-navigation/nav_core/tools/replay_compare.py,python,233,33,11,189,22
UnderwaterRobotSystem/Underwater-robot-navigation/nav_core/tools/merge_robot_timeline.py,python,838,97,30,711,139
UnderwaterRobotSystem/Underwater-robot-navigation/nav_core/tools/dump_nav_logs_csv.py,python,368,30,7,331,23
UnderwaterRobotSystem/Underwater-robot-navigation/nav_core/tools/parse_nav_timing.py,python,293,42,9,242,38
UnderwaterRobotSystem/Underwater-robot-navigation/nav_core/tools/usb_serial_snapshot.py,python,139,26,8,105,22
UnderwaterRobotSystem/Underwater-robot-navigation/nav_core/tools/tests/test_merge_robot_timeline.py,python,334,40,0,294,11
UnderwaterRobotSystem/Underwater-robot-navigation/nav_core/tools/tests/test_replay_compare.py,python,115,17,0,98,2
UnderwaterRobotSystem/Underwater-robot-navigation/nav_core/tools/tests/test_usb_serial_snapshot.py,python,38,9,0,29,2
UnderwaterRobotSystem/Underwater-robot-navigation/nav_core/tests/test_nav_diagnostic_fixture.cpp,cpp,150,18,0,132,6
UnderwaterRobotSystem/Underwater-robot-navigation/nav_core/tests/test_imu_port_selector.cpp,cpp,276,41,0,235,21
UnderwaterRobotSystem/Underwater-robot-navigation/nav_core/tests/test_serial_reconnect_integration.cpp,cpp,278,35,0,243,14
UnderwaterRobotSystem/Underwater-robot-navigation/nav_core/tests/test_nav_daemon_config.cpp,cpp,119,16,0,103,6
UnderwaterRobotSystem/Underwater-robot-navigation/nav_core/tests/test_sample_timing.cpp,cpp,90,14,0,76,7
UnderwaterRobotSystem/Underwater-robot-navigation/nav_core/tests/test_nav_health_monitor.cpp,cpp,119,18,0,101,20
UnderwaterRobotSystem/Underwater-robot-navigation/nav_core/tests/test_device_binding.cpp,cpp,176,24,0,152,8
UnderwaterRobotSystem/Underwater-robot-navigation/nav_core/tests/test_nav_runtime_status.cpp,cpp,259,36,0,223,13
UnderwaterRobotSystem/Underwater-robot-navigation/nav_core/tests/test_nav_state_replay.cpp,cpp,118,16,0,102,6
UnderwaterRobotSystem/Underwater-robot-navigation/nav_core/tests/test_imu_modbus_probe.cpp,cpp,186,27,0,159,17
UnderwaterRobotSystem/Underwater-robot-navigation/nav_core/tests/test_pty_utils.hpp,cpp,153,21,0,132,22
UnderwaterRobotSystem/Underwater-robot-navigation/nav_core/tests/test_imu_serial_diagnostics.cpp,cpp,135,19,0,116,13
UnderwaterRobotSystem/Underwater-robot-navigation/nav_core/src/nav_core/estimator/eskf_config_yaml.cpp,cpp,275,42,35,198,28
UnderwaterRobotSystem/Underwater-robot-navigation/nav_core/src/nav_core/estimator/eskf_propagate.cpp,cpp,180,37,16,127,10
UnderwaterRobotSystem/Underwater-robot-navigation/nav_core/src/nav_core/estimator/eskf_update_yaw.cpp,cpp,120,24,2,94,7
UnderwaterRobotSystem/Underwater-robot-navigation/nav_core/src/nav_core/estimator/nav_health_monitor.cpp,cpp,519,78,34,407,96
UnderwaterRobotSystem/Underwater-robot-navigation/nav_core/src/nav_core/estimator/eskf_core.cpp,cpp,127,24,7,96,2
UnderwaterRobotSystem/Underwater-robot-navigation/nav_core/src/nav_core/estimator/eskf_update_dvl.cpp,cpp,513,79,15,419,32
UnderwaterRobotSystem/Underwater-robot-navigation/nav_core/src/nav_core/estimator/graph_smoother_2d.cpp,cpp,458,70,92,296,34
UnderwaterRobotSystem/Underwater-robot-navigation/nav_core/src/nav_core/estimator/eskf.cpp,cpp,183,4,173,6,0
UnderwaterRobotSystem/Underwater-robot-navigation/nav_core/src/nav_core/estimator/online_estimator.cpp,cpp,381,69,97,215,19
UnderwaterRobotSystem/Underwater-robot-navigation/nav_core/src/nav_core/app/nav_daemon_dvl_pipeline.cpp,cpp,250,29,0,221,36
UnderwaterRobotSystem/Underwater-robot-navigation/nav_core/src/nav_core/app/nav_runtime_status.cpp,cpp,214,30,1,183,32
UnderwaterRobotSystem/Underwater-robot-navigation/nav_core/src/nav_core/app/nav_daemon_devices.cpp,cpp,469,53,0,416,58
UnderwaterRobotSystem/Underwater-robot-navigation/nav_core/src/nav_core/app/sample_timing.cpp,cpp,57,9,0,48,10
UnderwaterRobotSystem/Underwater-robot-navigation/nav_core/src/nav_core/app/nav_daemon_imu_pipeline.cpp,cpp,195,17,0,178,29
UnderwaterRobotSystem/Underwater-robot-navigation/nav_core/src/nav_core/app/nav_daemon_config.cpp,cpp,476,62,55,359,50
UnderwaterRobotSystem/Underwater-robot-navigation/nav_core/src/nav_core/app/imu_port_selector.cpp,cpp,315,39,3,273,39
UnderwaterRobotSystem/Underwater-robot-navigation/nav_core/src/nav_core/app/nav_state_replay.cpp,cpp,126,21,0,105,20
UnderwaterRobotSystem/Underwater-robot-navigation/nav_core/src/nav_core/app/nav_daemon.cpp,cpp,120,20,16,84,10
UnderwaterRobotSystem/Underwater-robot-navigation/nav_core/src/nav_core/app/nav_daemon_health_audit.cpp,cpp,175,25,0,150,23
UnderwaterRobotSystem/Underwater-robot-navigation/nav_core/src/nav_core/app/nav_daemon_loop_state.cpp,cpp,153,17,0,136,20
UnderwaterRobotSystem/Underwater-robot-navigation/nav_core/src/nav_core/app/nav_daemon_runner.cpp,cpp,274,34,6,234,13
UnderwaterRobotSystem/Underwater-robot-navigation/nav_core/src/nav_core/app/device_binding.cpp,cpp,373,52,0,321,77
UnderwaterRobotSystem/Underwater-robot-navigation/nav_core/src/nav_core/app/nav_daemon_publish.cpp,cpp,142,17,0,125,5
UnderwaterRobotSystem/Underwater-robot-navigation/nav_core/src/nav_core/app/nav_daemon_logging.cpp,cpp,967,81,1,885,95
UnderwaterRobotSystem/Underwater-robot-navigation/nav_core/src/nav_core/app/tools/imu_modbus_probe.cpp,cpp,345,27,8,310,61
UnderwaterRobotSystem/Underwater-robot-navigation/nav_core/src/nav_core/app/tools/DVL_selftest.cpp,cpp,462,74,46,342,61
UnderwaterRobotSystem/Underwater-robot-navigation/nav_core/src/nav_core/app/tools/nav_state_replay.cpp,cpp,182,18,0,164,34
UnderwaterRobotSystem/Underwater-robot-navigation/nav_core/src/nav_core/core/logging.cpp,cpp,80,16,6,58,12
UnderwaterRobotSystem/Underwater-robot-navigation/nav_core/src/nav_core/core/timebase.cpp,cpp,60,11,2,47,5
UnderwaterRobotSystem/Underwater-robot-navigation/nav_core/src/nav_core/io/nav_state_publisher.cpp,cpp,337,52,53,232,36
UnderwaterRobotSystem/Underwater-robot-navigation/nav_core/src/nav_core/io/bin_logger.cpp,cpp,269,46,30,193,41
UnderwaterRobotSystem/Underwater-robot-navigation/nav_core/src/nav_core/drivers/imu_modbus_probe.cpp,cpp,201,27,0,174,24
UnderwaterRobotSystem/Underwater-robot-navigation/nav_core/src/nav_core/drivers/serial_port_utils.cpp,cpp,107,16,0,91,22
UnderwaterRobotSystem/Underwater-robot-navigation/nav_core/src/nav_core/drivers/imu_serial_diagnostics.cpp,cpp,350,45,3,302,63
UnderwaterRobotSystem/Underwater-robot-navigation/nav_core/src/nav_core/drivers/dvl_protocol.cpp,cpp,579,98,54,427,80
UnderwaterRobotSystem/Underwater-robot-navigation/nav_core/src/nav_core/drivers/imu_driver_wit.cpp,cpp,704,112,113,479,64
UnderwaterRobotSystem/Underwater-robot-navigation/nav_core/src/nav_core/drivers/dvl_driver.cpp,cpp,550,94,74,382,69
UnderwaterRobotSystem/Underwater-robot-navigation/nav_core/src/nav_core/preprocess/dvl_rt_preprocessor.cpp,cpp,302,50,64,188,21
UnderwaterRobotSystem/Underwater-robot-navigation/nav_core/src/nav_core/preprocess/imu_rt_preprocessor.cpp,cpp,441,68,67,306,45
UnderwaterRobotSystem/Underwater-robot-navigation/nav_core/include/nav_core/estimator/graph_smoother_2d.hpp,cpp,239,42,142,55,2
UnderwaterRobotSystem/Underwater-robot-navigation/nav_core/include/nav_core/estimator/eskf.hpp,cpp,537,83,321,133,4
UnderwaterRobotSystem/Underwater-robot-navigation/nav_core/include/nav_core/estimator/eskf_math.hpp,cpp,143,27,10,106,0
UnderwaterRobotSystem/Underwater-robot-navigation/nav_core/include/nav_core/estimator/nav_health_monitor.hpp,cpp,432,66,219,147,29
UnderwaterRobotSystem/Underwater-robot-navigation/nav_core/include/nav_core/estimator/online_estimator.hpp,cpp,251,45,143,63,4
UnderwaterRobotSystem/Underwater-robot-navigation/nav_core/include/nav_core/estimator/eskf_config_yaml.hpp,cpp,32,6,18,8,0
UnderwaterRobotSystem/Underwater-robot-navigation/nav_core/include/nav_core/app/nav_daemon_health_audit.hpp,cpp,44,6,15,23,0
UnderwaterRobotSystem/Underwater-robot-navigation/nav_core/include/nav_core/app/nav_daemon_devices.hpp,cpp,112,13,50,49,0
UnderwaterRobotSystem/Underwater-robot-navigation/nav_core/include/nav_core/app/nav_daemon_config.hpp,cpp,181,47,60,74,0
UnderwaterRobotSystem/Underwater-robot-navigation/nav_core/include/nav_core/app/imu_port_selector.hpp,cpp,74,7,45,22,0
UnderwaterRobotSystem/Underwater-robot-navigation/nav_core/include/nav_core/app/nav_state_replay.hpp,cpp,41,8,9,24,1
UnderwaterRobotSystem/Underwater-robot-navigation/nav_core/include/nav_core/app/nav_daemon_dvl_pipeline.hpp,cpp,43,4,16,23,0
UnderwaterRobotSystem/Underwater-robot-navigation/nav_core/include/nav_core/app/nav_daemon_imu_pipeline.hpp,cpp,44,5,16,23,0
UnderwaterRobotSystem/Underwater-robot-navigation/nav_core/include/nav_core/app/nav_daemon_publish.hpp,cpp,57,7,19,31,0
UnderwaterRobotSystem/Underwater-robot-navigation/nav_core/include/nav_core/app/device_binding.hpp,cpp,153,20,59,74,4
UnderwaterRobotSystem/Underwater-robot-navigation/nav_core/include/nav_core/app/sample_timing.hpp,cpp,60,11,25,24,5
UnderwaterRobotSystem/Underwater-robot-navigation/nav_core/include/nav_core/app/nav_daemon_logging.hpp,cpp,157,20,31,106,1
UnderwaterRobotSystem/Underwater-robot-navigation/nav_core/include/nav_core/app/nav_daemon_loop_state.hpp,cpp,123,18,36,69,5
UnderwaterRobotSystem/Underwater-robot-navigation/nav_core/include/nav_core/app/nav_runtime_status.hpp,cpp,70,9,32,29,3
UnderwaterRobotSystem/Underwater-robot-navigation/nav_core/include/nav_core/core/types.hpp,cpp,286,38,168,80,2
UnderwaterRobotSystem/Underwater-robot-navigation/nav_core/include/nav_core/core/timebase.hpp,cpp,111,24,40,47,0
UnderwaterRobotSystem/Underwater-robot-navigation/nav_core/include/nav_core/core/status.hpp,cpp,107,19,46,42,3
UnderwaterRobotSystem/Underwater-robot-navigation/nav_core/include/nav_core/core/math.hpp,cpp,475,69,121,285,46
UnderwaterRobotSystem/Underwater-robot-navigation/nav_core/include/nav_core/core/logging.hpp,cpp,70,10,38,22,4
UnderwaterRobotSystem/Underwater-robot-navigation/nav_core/include/nav_core/io/bin_logger.hpp,cpp,87,20,30,37,7
UnderwaterRobotSystem/Underwater-robot-navigation/nav_core/include/nav_core/io/log_packets.hpp,cpp,493,90,150,253,7
UnderwaterRobotSystem/Underwater-robot-navigation/nav_core/include/nav_core/io/nav_state_publisher.hpp,cpp,137,20,71,46,9
UnderwaterRobotSystem/Underwater-robot-navigation/nav_core/include/nav_core/drivers/imu_serial_diagnostics.hpp,cpp,93,12,35,46,1
UnderwaterRobotSystem/Underwater-robot-navigation/nav_core/include/nav_core/drivers/imu_driver_wit.hpp,cpp,215,47,79,89,5
UnderwaterRobotSystem/Underwater-robot-navigation/nav_core/include/nav_core/drivers/dvl_driver.hpp,cpp,302,54,147,101,15
UnderwaterRobotSystem/Underwater-robot-navigation/nav_core/include/nav_core/drivers/serial_binding.hpp,cpp,31,5,11,15,0
UnderwaterRobotSystem/Underwater-robot-navigation/nav_core/include/nav_core/drivers/imu_modbus_probe.hpp,cpp,70,10,17,43,2
UnderwaterRobotSystem/Underwater-robot-navigation/nav_core/include/nav_core/drivers/dvl_protocol.hpp,cpp,300,40,198,62,8
UnderwaterRobotSystem/Underwater-robot-navigation/nav_core/include/nav_core/drivers/serial_port_utils.hpp,cpp,46,5,29,12,0
UnderwaterRobotSystem/Underwater-robot-navigation/nav_core/include/nav_core/filters/filter_common.hpp,cpp,20,6,4,10,0
UnderwaterRobotSystem/Underwater-robot-navigation/nav_core/include/nav_core/preprocess/dvl_rt_preprocessor.hpp,cpp,275,41,159,75,3
UnderwaterRobotSystem/Underwater-robot-navigation/nav_core/include/nav_core/preprocess/imu_rt_preprocessor.hpp,cpp,274,32,195,47,5
UnderwaterRobotSystem/UnderwaterRobotSystem/tools/__init__.py,python,1,0,1,0,0
UnderwaterRobotSystem/UnderwaterRobotSystem/tools/project_size_report.py,python,272,48,41,183,42
UnderwaterRobotSystem/UnderwaterRobotSystem/tools/supervisor/bundle_archive.py,python,165,35,1,129,23
UnderwaterRobotSystem/UnderwaterRobotSystem/tools/supervisor/phase0_supervisor.py,python,2200,287,9,1904,367
UnderwaterRobotSystem/UnderwaterRobotSystem/tools/supervisor/device_identification.py,python,1327,176,6,1145,276
UnderwaterRobotSystem/UnderwaterRobotSystem/tools/supervisor/incident_bundle.py,python,695,73,7,615,144
UnderwaterRobotSystem/UnderwaterRobotSystem/tools/supervisor/device_profiles.py,python,461,48,7,406,32
UnderwaterRobotSystem/UnderwaterRobotSystem/tools/supervisor/__init__.py,python,1,0,1,0,0
UnderwaterRobotSystem/UnderwaterRobotSystem/tools/supervisor/tests/test_phase0_supervisor.py,python,458,53,0,405,72
UnderwaterRobotSystem/UnderwaterRobotSystem/tools/supervisor/tests/test_bundle_archive.py,python,90,18,0,72,7
UnderwaterRobotSystem/UnderwaterRobotSystem/tools/supervisor/tests/test_device_identification.py,python,269,32,0,237,34
UnderwaterRobotSystem/UnderwaterRobotSystem/tools/quality/git_hotspots.py,python,41,7,5,29,7
UnderwaterRobotSystem/UnderwaterRobotSystem/tools/quality/metrics_complexity.py,python,179,28,16,135,27
UnderwaterRobotSystem/UnderwaterRobotSystem/tools/quality/deps_includes.py,python,101,15,16,70,20
UnderwaterRobotSystem/UnderwaterRobotSystem/tools/quality/report_md.py,python,557,64,46,447,46
UnderwaterRobotSystem/UnderwaterRobotSystem/tools/quality/__init__.py,python,0,0,0,0,0
UnderwaterRobotSystem/UnderwaterRobotSystem/tools/quality/metrics_loc.py,python,150,26,17,107,26
UnderwaterRobotSystem/UnderwaterRobotSystem/tools/quality/audit.py,python,270,31,35,204,8
UnderwaterRobotSystem/UnderwaterRobotSystem/tools/quality/cmake_audit.py,python,0,0,0,0,0
UnderwaterRobotSystem/UnderwaterRobotSystem/tools/quality/common.py,python,143,24,4,115,28
UnderwaterRobotSystem/UnderwaterRobotSystem/tools/quality/risk_scan.py,python,90,17,2,71,9
UnderwaterRobotSystem/UnderwaterRobotSystem/offline_nav/apps/tools/imu_diag_demo.py,python,558,70,80,408,142
UnderwaterRobotSystem/UnderwaterRobotSystem/offline_nav/apps/tools/dvl_diag_demo.py,python,405,79,71,255,70
UnderwaterRobotSystem/UnderwaterRobotSystem/offline_nav/apps/diagnose/eskf_check.py,python,483,78,65,340,87
UnderwaterRobotSystem/UnderwaterRobotSystem/offline_nav/apps/diagnose/eskf_adult.py,python,568,91,101,376,74
UnderwaterRobotSystem/UnderwaterRobotSystem/offline_nav/scripts/diag_eskf2d_focus.py,python,610,108,74,428,97
UnderwaterRobotSystem/UnderwaterRobotSystem/offline_nav/scripts/make_traj_gif.py,python,65,15,6,44,9
UnderwaterRobotSystem/UnderwaterRobotSystem/offline_nav/src/nav/frames.py,python,27,6,12,9,0
UnderwaterRobotSystem/UnderwaterRobotSystem/offline_nav/src/offnav/cli_proc.py,python,686,80,78,528,78
UnderwaterRobotSystem/UnderwaterRobotSystem/offline_nav/src/offnav/cli_dvl.py,python,453,86,56,311,77
UnderwaterRobotSystem/UnderwaterRobotSystem/offline_nav/src/offnav/dev_imu_gravity_check.py,python,137,30,20,87,12
UnderwaterRobotSystem/UnderwaterRobotSystem/offline_nav/src/offnav/paths.py,python,34,5,1,28,5
UnderwaterRobotSystem/UnderwaterRobotSystem/offline_nav/src/offnav/cli_nav.py,python,553,77,91,385,54
UnderwaterRobotSystem/UnderwaterRobotSystem/offline_nav/src/offnav/__init__.py,python,0,0,0,0,0
UnderwaterRobotSystem/UnderwaterRobotSystem/offline_nav/src/offnav/cli_raw.py,python,251,45,29,177,30
UnderwaterRobotSystem/UnderwaterRobotSystem/offline_nav/src/offnav/models/eskf_state.py,python,602,96,128,378,23
UnderwaterRobotSystem/UnderwaterRobotSystem/offline_nav/src/offnav/models/__init__.py,python,0,0,0,0,0
UnderwaterRobotSystem/UnderwaterRobotSystem/offline_nav/src/offnav/models/attitude.py,python,446,89,101,256,29
UnderwaterRobotSystem/UnderwaterRobotSystem/offline_nav/src/offnav/models/eskf_core.py,python,595,118,140,337,33
UnderwaterRobotSystem/UnderwaterRobotSystem/offline_nav/src/offnav/graph/factors.py,python,549,130,116,303,18
UnderwaterRobotSystem/UnderwaterRobotSystem/offline_nav/src/offnav/graph/states.py,python,301,70,134,97,6
UnderwaterRobotSystem/UnderwaterRobotSystem/offline_nav/src/offnav/graph/smoothing.py,python,281,51,82,148,20
UnderwaterRobotSystem/UnderwaterRobotSystem/offline_nav/src/offnav/core/__init__.py,python,0,0,0,0,0
UnderwaterRobotSystem/UnderwaterRobotSystem/offline_nav/src/offnav/core/types.py,python,216,39,66,111,7
UnderwaterRobotSystem/UnderwaterRobotSystem/offline_nav/src/offnav/core/nav_config.py,python,640,102,73,465,35
UnderwaterRobotSystem/UnderwaterRobotSystem/offline_nav/src/offnav/io/imu_csv.py,python,57,13,13,31,4
UnderwaterRobotSystem/UnderwaterRobotSystem/offline_nav/src/offnav/io/dvl_csv.py,python,39,10,1,28,4
UnderwaterRobotSystem/UnderwaterRobotSystem/offline_nav/src/offnav/io/trajectory_io.py,python,85,16,9,60,7
UnderwaterRobotSystem/UnderwaterRobotSystem/offline_nav/src/offnav/io/dataset.py,python,111,20,5,86,12
UnderwaterRobotSystem/UnderwaterRobotSystem/offline_nav/src/offnav/io/__init__.py,python,0,0,0,0,0
UnderwaterRobotSystem/UnderwaterRobotSystem/offline_nav/src/offnav/preprocess/imu_processing.py,python,496,106,74,316,101
UnderwaterRobotSystem/UnderwaterRobotSystem/offline_nav/src/offnav/preprocess/__init__.py,python,64,8,16,40,2
UnderwaterRobotSystem/UnderwaterRobotSystem/offline_nav/src/offnav/preprocess/dvl_processing.py,python,414,82,70,262,81
UnderwaterRobotSystem/UnderwaterRobotSystem/offline_nav/src/offnav/preprocess/diagnostics/report.py,python,89,15,1,73,16
UnderwaterRobotSystem/UnderwaterRobotSystem/offline_nav/src/offnav/preprocess/diagnostics/dvl_diag.py,python,430,62,45,323,62
UnderwaterRobotSystem/UnderwaterRobotSystem/offline_nav/src/offnav/preprocess/diagnostics/__init__.py,python,0,0,0,0,0
UnderwaterRobotSystem/UnderwaterRobotSystem/offline_nav/src/offnav/preprocess/diagnostics/types.py,python,88,17,6,65,2
UnderwaterRobotSystem/UnderwaterRobotSystem/offline_nav/src/offnav/preprocess/diagnostics/imu_diag.py,python,222,41,21,160,36
UnderwaterRobotSystem/UnderwaterRobotSystem/offline_nav/src/offnav/algo/graph_runner.py,python,654,93,88,473,67
UnderwaterRobotSystem/UnderwaterRobotSystem/offline_nav/src/offnav/algo/eskf_common.py,python,177,28,45,104,27
UnderwaterRobotSystem/UnderwaterRobotSystem/offline_nav/src/offnav/algo/eskf_measurements.py,python,282,51,61,170,19
UnderwaterRobotSystem/UnderwaterRobotSystem/offline_nav/src/offnav/algo/eskf_engine.py,python,965,141,115,709,81
UnderwaterRobotSystem/UnderwaterRobotSystem/offline_nav/src/offnav/algo/eskf_runner.py,python,26,5,9,12,0
UnderwaterRobotSystem/UnderwaterRobotSystem/offline_nav/src/offnav/algo/event_timeline.py,python,443,73,52,318,65
UnderwaterRobotSystem/UnderwaterRobotSystem/offline_nav/src/offnav/algo/__init__.py,python,30,6,6,18,0
UnderwaterRobotSystem/UnderwaterRobotSystem/offline_nav/src/offnav/algo/eskf_timeline.py,python,177,33,45,99,19
UnderwaterRobotSystem/UnderwaterRobotSystem/offline_nav/src/offnav/algo/deadreckon.py,python,815,137,127,551,114
UnderwaterRobotSystem/UnderwaterRobotSystem/offline_nav/src/offnav/algo/eskf_local.py,python,152,27,43,82,7
UnderwaterRobotSystem/UnderwaterRobotSystem/offline_nav/src/offnav/algo/eskf_audit.py,python,457,75,54,328,78
UnderwaterRobotSystem/UnderwaterRobotSystem/offline_nav/src/offnav/viz/traj_basic.py,python,505,82,91,332,27
UnderwaterRobotSystem/UnderwaterRobotSystem/offline_nav/src/offnav/viz/style.py,python,197,36,36,125,7
UnderwaterRobotSystem/UnderwaterRobotSystem/offline_nav/src/offnav/viz/yaw_dvl_inspect.py,python,322,67,72,183,26
UnderwaterRobotSystem/UnderwaterRobotSystem/offline_nav/src/offnav/viz/raw_dvl.py,python,123,27,14,82,12
UnderwaterRobotSystem/UnderwaterRobotSystem/offline_nav/src/offnav/viz/dvl_imu_frame_check.py,python,523,100,107,316,37
UnderwaterRobotSystem/UnderwaterRobotSystem/offline_nav/src/offnav/viz/plots.py,python,1059,219,194,646,89
UnderwaterRobotSystem/UnderwaterRobotSystem/offline_nav/src/offnav/viz/raw_imu.py,python,283,55,41,187,19
UnderwaterRobotSystem/UnderwaterRobotSystem/offline_nav/src/offnav/viz/dvl_processed.py,python,154,26,23,105,12
UnderwaterRobotSystem/UnderwaterRobotSystem/offline_nav/src/offnav/viz/__init__.py,python,10,2,0,8,0
UnderwaterRobotSystem/UnderwaterRobotSystem/offline_nav/src/offnav/viz/imu_dvl_segment_inspect.py,python,280,59,45,176,14
UnderwaterRobotSystem/UnderwaterRobotSystem/offline_nav/src/offnav/viz/eskf_frame_check.py,python,429,78,66,285,35
UnderwaterRobotSystem/UnderwaterRobotSystem/offline_nav/src/offnav/viz/imu_processed.py,python,343,64,66,213,45
UnderwaterRobotSystem/UnderwaterRobotSystem/offline_nav/src/offnav/eskf/config.py,python,125,25,48,52,2
UnderwaterRobotSystem/UnderwaterRobotSystem/offline_nav/src/offnav/eskf/cli_eskf.py,python,91,22,9,60,12
UnderwaterRobotSystem/UnderwaterRobotSystem/offline_nav/src/offnav/eskf/metrics.py,python,170,33,19,118,26
UnderwaterRobotSystem/UnderwaterRobotSystem/offline_nav/src/offnav/eskf/math_utils.py,python,90,21,25,44,9
UnderwaterRobotSystem/UnderwaterRobotSystem/offline_nav/src/offnav/eskf/monitor.py,python,518,86,80,352,90
UnderwaterRobotSystem/UnderwaterRobotSystem/offline_nav/src/offnav/eskf/__init__.py,python,4,1,0,3,0
UnderwaterRobotSystem/UnderwaterRobotSystem/offline_nav/src/offnav/eskf/runner.py,python,466,87,67,312,37
UnderwaterRobotSystem/UnderwaterRobotSystem/offline_nav/src/offnav/eskf/io_csv.py,python,220,46,22,152,22
UnderwaterRobotSystem/UnderwaterRobotSystem/offline_nav/src/offnav/eskf/filter.py,python,596,98,78,420,57
UnderwaterRobotSystem/UnderwaterRobotSystem/shared/CMakeLists.txt,cmake,11,4,0,7,0
UnderwaterRobotSystem/UnderwaterRobotSystem/shared/shm/nav_state_shm.hpp,cpp,94,19,29,46,10
UnderwaterRobotSystem/UnderwaterRobotSystem/shared/shm/key_event_shm.hpp,cpp,63,17,8,38,3
UnderwaterRobotSystem/UnderwaterRobotSystem/shared/shm/control_intent_shm.hpp,cpp,53,12,7,34,0
UnderwaterRobotSystem/UnderwaterRobotSystem/shared/shm/nav_state_view_shm.hpp,cpp,82,17,24,41,9
UnderwaterRobotSystem/UnderwaterRobotSystem/shared/shm/key_event_ring_shm.hpp,cpp,124,24,40,60,12
UnderwaterRobotSystem/UnderwaterRobotSystem/shared/shm/telemetry_frame_v2_shm.hpp,cpp,53,14,0,39,2
UnderwaterRobotSystem/UnderwaterRobotSystem/shared/msg/nav_state.hpp,cpp,199,21,58,120,13
UnderwaterRobotSystem/UnderwaterRobotSystem/shared/msg/nav_state_view.hpp,cpp,78,14,17,47,6
UnderwaterRobotSystem/UnderwaterRobotSystem/shared/msg/telemetry_frame_v2.hpp,cpp,303,51,0,252,6
UnderwaterRobotSystem/UnderwaterRobotSystem/shared/msg/key_event.hpp,cpp,47,13,2,32,5
UnderwaterRobotSystem/UnderwaterRobotSystem/shared/msg/control_intent.hpp,cpp,138,34,6,98,5
UnderwaterRobotSystem/shared/CMakeLists.txt,cmake,11,4,0,7,0
UnderwaterRobotSystem/shared/shm/nav_state_shm.hpp,cpp,94,19,29,46,10
UnderwaterRobotSystem/shared/shm/key_event_shm.hpp,cpp,63,17,8,38,3
UnderwaterRobotSystem/shared/shm/control_intent_shm.hpp,cpp,53,12,7,34,0
UnderwaterRobotSystem/shared/shm/nav_state_view_shm.hpp,cpp,82,17,24,41,9
UnderwaterRobotSystem/shared/shm/key_event_ring_shm.hpp,cpp,124,24,40,60,12
UnderwaterRobotSystem/shared/shm/telemetry_frame_v2_shm.hpp,cpp,53,14,0,39,2
UnderwaterRobotSystem/shared/msg/nav_state.hpp,cpp,199,21,58,120,13
UnderwaterRobotSystem/shared/msg/nav_state_view.hpp,cpp,78,14,17,47,6
UnderwaterRobotSystem/shared/msg/telemetry_frame_v2.hpp,cpp,303,51,0,252,6
UnderwaterRobotSystem/shared/msg/key_event.hpp,cpp,47,13,2,32,5
UnderwaterRobotSystem/shared/msg/control_intent.hpp,cpp,138,34,6,98,5
UnderwaterRobotSystem/OrangePi_STM32_for_ROV/CMakeLists.txt,cmake,87,12,0,75,15
UnderwaterRobotSystem/OrangePi_STM32_for_ROV/proto_gcs/CMakeLists.txt,cmake,20,4,0,16,2
UnderwaterRobotSystem/OrangePi_STM32_for_ROV/proto_gcs/src/crc32c.cpp,cpp,36,6,1,29,7
UnderwaterRobotSystem/OrangePi_STM32_for_ROV/proto_gcs/include/proto_gcs/gcs_protocol.hpp,cpp,324,64,58,202,31
UnderwaterRobotSystem/OrangePi_STM32_for_ROV/gateway/CMakeLists.txt,cmake,195,31,0,164,25
UnderwaterRobotSystem/OrangePi_STM32_for_ROV/gateway/apps/gcs_client.cpp,cpp,440,79,58,303,24
UnderwaterRobotSystem/OrangePi_STM32_for_ROV/gateway/apps/intent_dump.cpp,cpp,349,47,34,268,61
UnderwaterRobotSystem/OrangePi_STM32_for_ROV/gateway/apps/nav_viewd.cpp,cpp,690,73,41,576,90
UnderwaterRobotSystem/OrangePi_STM32_for_ROV/gateway/apps/telemetry_dump.cpp,cpp,152,20,0,132,33
UnderwaterRobotSystem/OrangePi_STM32_for_ROV/gateway/apps/nav_view_dump.cpp,cpp,492,73,36,383,80
UnderwaterRobotSystem/OrangePi_STM32_for_ROV/gateway/apps/intentd.cpp,cpp,267,51,18,198,14
UnderwaterRobotSystem/OrangePi_STM32_for_ROV/gateway/apps/gcs_server.cpp,cpp,278,48,33,197,27
UnderwaterRobotSystem/OrangePi_STM32_for_ROV/gateway/apps/teleop_local.cpp,cpp,413,65,35,313,83
UnderwaterRobotSystem/OrangePi_STM32_for_ROV/gateway/tests/test_session.cpp,cpp,499,84,42,373,25
UnderwaterRobotSystem/OrangePi_STM32_for_ROV/gateway/tests/test_nav_view_builder.cpp,cpp,103,11,0,92,6
UnderwaterRobotSystem/OrangePi_STM32_for_ROV/gateway/tests/test_nav_view_policy.cpp,cpp,175,25,0,150,9
UnderwaterRobotSystem/OrangePi_STM32_for_ROV/gateway/tests/test_codec.cpp,cpp,165,33,2,130,7
UnderwaterRobotSystem/OrangePi_STM32_for_ROV/gateway/src/intent_publisher_shm.cpp,cpp,293,48,47,198,27
UnderwaterRobotSystem/OrangePi_STM32_for_ROV/gateway/src/udp/udp_endpoint.cpp,cpp,158,23,0,135,29
UnderwaterRobotSystem/OrangePi_STM32_for_ROV/gateway/src/udp/udp_client.cpp,cpp,123,21,10,92,23
UnderwaterRobotSystem/OrangePi_STM32_for_ROV/gateway/src/udp/udp_server.cpp,cpp,76,14,2,60,19
UnderwaterRobotSystem/OrangePi_STM32_for_ROV/gateway/src/session/gcs_session.cpp,cpp,526,91,27,408,115
UnderwaterRobotSystem/OrangePi_STM32_for_ROV/gateway/src/IPC/intent_subscriber_shm.cpp,cpp,315,54,24,237,57
UnderwaterRobotSystem/OrangePi_STM32_for_ROV/gateway/src/IPC/nav/nav_state_subscriber_shm.cpp,cpp,316,53,26,237,57
UnderwaterRobotSystem/OrangePi_STM32_for_ROV/gateway/src/IPC/nav/nav_view_policy.cpp,cpp,93,14,0,79,9
UnderwaterRobotSystem/OrangePi_STM32_for_ROV/gateway/src/IPC/nav/nav_state_subscriber.cpp,cpp,228,42,7,179,30
UnderwaterRobotSystem/OrangePi_STM32_for_ROV/gateway/src/IPC/nav/nav_view_builder.cpp,cpp,73,13,4,56,5
UnderwaterRobotSystem/OrangePi_STM32_for_ROV/gateway/src/IPC/nav/nav_view_publisher_shm.cpp,cpp,270,48,19,203,32
UnderwaterRobotSystem/OrangePi_STM32_for_ROV/gateway/src/IPC/intent/intent_arbiter.cpp,cpp,310,57,38,215,62
UnderwaterRobotSystem/OrangePi_STM32_for_ROV/gateway/src/IPC/intent/intent_mux.cpp,cpp,110,22,9,79,11
UnderwaterRobotSystem/OrangePi_STM32_for_ROV/gateway/src/IPC/intent/intent_keyboard_source.cpp,cpp,461,84,21,356,89
UnderwaterRobotSystem/OrangePi_STM32_for_ROV/gateway/src/IPC/state/telemetry_frame_v2_subscriber_shm.cpp,cpp,253,39,0,214,46
UnderwaterRobotSystem/OrangePi_STM32_for_ROV/gateway/src/IPC/keys/key_event_subscriber_shm.cpp,cpp,406,66,19,321,92
UnderwaterRobotSystem/OrangePi_STM32_for_ROV/gateway/src/IPC/keys/key_event_publisher_shm.cpp,cpp,336,58,23,255,45
UnderwaterRobotSystem/OrangePi_STM32_for_ROV/gateway/src/IPC/keys/keyboard_mapper.cpp,cpp,138,27,24,87,49
UnderwaterRobotSystem/OrangePi_STM32_for_ROV/gateway/include/gateway/version.hpp,cpp,96,17,29,50,5
UnderwaterRobotSystem/OrangePi_STM32_for_ROV/gateway/include/gateway/bytes.hpp,cpp,27,8,0,19,2
UnderwaterRobotSystem/OrangePi_STM32_for_ROV/gateway/include/gateway/intent_publisher_shm.hpp,cpp,84,23,12,49,12
UnderwaterRobotSystem/OrangePi_STM32_for_ROV/gateway/include/gateway/codec/packet_view.hpp,cpp,155,25,32,98,27
UnderwaterRobotSystem/OrangePi_STM32_for_ROV/gateway/include/gateway/codec/gcs_codec.hpp,cpp,201,36,10,155,27
UnderwaterRobotSystem/OrangePi_STM32_for_ROV/gateway/include/gateway/apps/gcs_client.hpp,cpp,204,16,151,37,4
UnderwaterRobotSystem/OrangePi_STM32_for_ROV/gateway/include/gateway/apps/cli_args.hpp,cpp,0,0,0,0,0
UnderwaterRobotSystem/OrangePi_STM32_for_ROV/gateway/include/gateway/udp/udp_server.hpp,cpp,52,14,1,37,3
UnderwaterRobotSystem/OrangePi_STM32_for_ROV/gateway/include/gateway/udp/udp_client.hpp,cpp,74,20,11,43,6
UnderwaterRobotSystem/OrangePi_STM32_for_ROV/gateway/include/gateway/udp/udp_endpoint.hpp,cpp,55,15,6,34,7
UnderwaterRobotSystem/OrangePi_STM32_for_ROV/gateway/include/gateway/telemetry/status_telemetry_adapter.hpp,cpp,64,6,0,58,8
UnderwaterRobotSystem/OrangePi_STM32_for_ROV/gateway/include/gateway/session/gcs_session.hpp,cpp,137,37,27,73,17
UnderwaterRobotSystem/OrangePi_STM32_for_ROV/gateway/include/gateway/IPC/nav/nav_view_builder.hpp,cpp,32,6,13,13,3
UnderwaterRobotSystem/OrangePi_STM32_for_ROV/gateway/include/gateway/IPC/nav/nav_state_subscriber.hpp,cpp,125,18,60,47,11
UnderwaterRobotSystem/OrangePi_STM32_for_ROV/gateway/include/gateway/IPC/nav/nav_state_subscriber_shm.hpp,cpp,97,21,19,57,14
UnderwaterRobotSystem/OrangePi_STM32_for_ROV/gateway/include/gateway/IPC/nav/nav_view_publisher_shm.hpp,cpp,75,17,8,50,13
UnderwaterRobotSystem/OrangePi_STM32_for_ROV/gateway/include/gateway/IPC/nav/nav_view_policy.hpp,cpp,47,9,8,30,3
UnderwaterRobotSystem/OrangePi_STM32_for_ROV/gateway/include/gateway/IPC/intent/intent_arbiter.hpp,cpp,180,44,38,98,17
UnderwaterRobotSystem/OrangePi_STM32_for_ROV/gateway/include/gateway/IPC/intent/intent_mux.hpp,cpp,98,22,26,50,11
UnderwaterRobotSystem/OrangePi_STM32_for_ROV/gateway/include/gateway/IPC/intent/intent_keyboard_source.hpp,cpp,174,35,74,65,19
UnderwaterRobotSystem/OrangePi_STM32_for_ROV/gateway/include/gateway/IPC/intent/intent_subscriber_shm.hpp,cpp,129,26,47,56,18
UnderwaterRobotSystem/OrangePi_STM32_for_ROV/gateway/include/gateway/IPC/state/telemetry_frame_v2_subscriber_shm.hpp,cpp,63,14,0,49,8
UnderwaterRobotSystem/OrangePi_STM32_for_ROV/gateway/include/gateway/IPC/keys/keyboard_mapper.hpp,cpp,131,19,65,47,3
UnderwaterRobotSystem/OrangePi_STM32_for_ROV/gateway/include/gateway/IPC/keys/key_event_publisher_shm.hpp,cpp,97,23,25,49,26
UnderwaterRobotSystem/OrangePi_STM32_for_ROV/gateway/include/gateway/IPC/keys/key_event_subscriber_shm.hpp,cpp,101,28,7,66,26
UnderwaterRobotSystem/OrangePi_STM32_for_ROV/ros2_bridge/rov_state_bridge/setup.py,python,28,2,0,26,1
UnderwaterRobotSystem/OrangePi_STM32_for_ROV/ros2_bridge/rov_state_bridge/launch/stage1_preview.launch.py,python,37,3,0,34,0
UnderwaterRobotSystem/OrangePi_STM32_for_ROV/ros2_bridge/rov_state_bridge/tools/run_health_monitor_validation.py,python,57,9,3,45,2
UnderwaterRobotSystem/OrangePi_STM32_for_ROV/ros2_bridge/rov_state_bridge/tools/run_sample_bridge_validation.py,python,130,16,7,107,6
UnderwaterRobotSystem/OrangePi_STM32_for_ROV/ros2_bridge/rov_state_bridge/tools/run_ros2_graph_validation.py,python,258,38,0,220,17
UnderwaterRobotSystem/OrangePi_STM32_for_ROV/ros2_bridge/rov_state_bridge/tools/run_rosbag_validation.py,python,208,30,0,178,20
UnderwaterRobotSystem/OrangePi_STM32_for_ROV/ros2_bridge/rov_state_bridge/tests/test_bridge.py,python,97,19,0,78,5
UnderwaterRobotSystem/OrangePi_STM32_for_ROV/ros2_bridge/rov_state_bridge/tests/test_health_monitor.py,python,99,14,0,85,2
UnderwaterRobotSystem/OrangePi_STM32_for_ROV/ros2_bridge/rov_state_bridge/tests/test_shm_reader.py,python,103,12,0,91,2
UnderwaterRobotSystem/OrangePi_STM32_for_ROV/ros2_bridge/rov_state_bridge/tests/test_layout_contracts.py,python,68,9,21,38,3
UnderwaterRobotSystem/OrangePi_STM32_for_ROV/ros2_bridge/rov_state_bridge/tests/test_mapping.py,python,113,14,0,99,2
UnderwaterRobotSystem/OrangePi_STM32_for_ROV/ros2_bridge/rov_state_bridge/src/rov_state_bridge/ros2_health_node.py,python,90,20,5,65,12
UnderwaterRobotSystem/OrangePi_STM32_for_ROV/ros2_bridge/rov_state_bridge/src/rov_state_bridge/health_monitor.py,python,182,27,13,142,26
UnderwaterRobotSystem/OrangePi_STM32_for_ROV/ros2_bridge/rov_state_bridge/src/rov_state_bridge/shm_reader.py,python,187,26,21,140,24
UnderwaterRobotSystem/OrangePi_STM32_for_ROV/ros2_bridge/rov_state_bridge/src/rov_state_bridge/layouts.py,python,267,41,5,221,1
UnderwaterRobotSystem/OrangePi_STM32_for_ROV/ros2_bridge/rov_state_bridge/src/rov_state_bridge/mapping.py,python,198,17,7,174,12
UnderwaterRobotSystem/OrangePi_STM32_for_ROV/ros2_bridge/rov_state_bridge/src/rov_state_bridge/publisher_backend.py,python,118,26,14,78,17
UnderwaterRobotSystem/OrangePi_STM32_for_ROV/ros2_bridge/rov_state_bridge/src/rov_state_bridge/__init__.py,python,21,2,1,18,1
UnderwaterRobotSystem/OrangePi_STM32_for_ROV/ros2_bridge/rov_state_bridge/src/rov_state_bridge/models.py,python,231,29,6,196,5
UnderwaterRobotSystem/OrangePi_STM32_for_ROV/ros2_bridge/rov_state_bridge/src/rov_state_bridge/__main__.py,python,4,1,0,3,1
UnderwaterRobotSystem/OrangePi_STM32_for_ROV/ros2_bridge/rov_state_bridge/src/rov_state_bridge/constants.py,python,18,4,5,9,0
UnderwaterRobotSystem/OrangePi_STM32_for_ROV/ros2_bridge/rov_state_bridge/src/rov_state_bridge/bridge.py,python,182,26,17,139,10
UnderwaterRobotSystem/OrangePi_STM32_for_ROV/ros2_bridge/rov_state_bridge/src/rov_state_bridge/cli.py,python,56,8,0,48,12
UnderwaterRobotSystem/OrangePi_STM32_for_ROV/ros2_bridge/rov_msgs/CMakeLists.txt,cmake,30,5,0,25,2
UnderwaterRobotSystem/OrangePi_STM32_for_ROV/pwm_control_program/CMakeLists.txt,cmake,533,79,0,454,102
UnderwaterRobotSystem/OrangePi_STM32_for_ROV/pwm_control_program/tests/test_v1_closed_loop.cpp,cpp,612,81,0,531,24
UnderwaterRobotSystem/OrangePi_STM32_for_ROV/pwm_control_program/tests/test_control_loop_logger.cpp,cpp,121,18,0,103,11
UnderwaterRobotSystem/OrangePi_STM32_for_ROV/pwm_control_program/tests/test_nav_view_shm_source.cpp,cpp,184,25,0,159,7
UnderwaterRobotSystem/OrangePi_STM32_for_ROV/pwm_control_program/tests/test_pid_framework.cpp,cpp,630,75,0,555,40
UnderwaterRobotSystem/OrangePi_STM32_for_ROV/pwm_control_program/tests/test_nav_reconnect_pipeline.cpp,cpp,628,80,0,548,30
UnderwaterRobotSystem/OrangePi_STM32_for_ROV/pwm_control_program/tests/test_telemetry_timeline_logger.cpp,cpp,150,17,0,133,12
UnderwaterRobotSystem/OrangePi_STM32_for_ROV/pwm_control_program/src/main.cpp,cpp,77,10,8,59,9
UnderwaterRobotSystem/OrangePi_STM32_for_ROV/pwm_control_program/src/platform/pwm_client.cpp,cpp,578,105,30,443,70
UnderwaterRobotSystem/OrangePi_STM32_for_ROV/pwm_control_program/src/platform/timebase.cpp,cpp,119,24,29,66,18
UnderwaterRobotSystem/OrangePi_STM32_for_ROV/pwm_control_program/src/control_core/app_context.cpp,cpp,616,86,19,511,71
UnderwaterRobotSystem/OrangePi_STM32_for_ROV/pwm_control_program/src/control_core/control_loop.cpp,cpp,29,5,7,17,1
UnderwaterRobotSystem/OrangePi_STM32_for_ROV/pwm_control_program/src/control_core/telemetry_frame_builder.cpp,cpp,229,20,3,206,26
UnderwaterRobotSystem/OrangePi_STM32_for_ROV/pwm_control_program/src/control_core/control_guard.cpp,cpp,645,75,34,536,100
UnderwaterRobotSystem/OrangePi_STM32_for_ROV/pwm_control_program/src/control_core/app_main.cpp,cpp,258,41,15,202,37
UnderwaterRobotSystem/OrangePi_STM32_for_ROV/pwm_control_program/src/control_core/trajectory_tracking.cpp,cpp,217,39,17,161,8
UnderwaterRobotSystem/OrangePi_STM32_for_ROV/pwm_control_program/src/control_core/thruster_allocation.cpp,cpp,422,68,44,310,66
UnderwaterRobotSystem/OrangePi_STM32_for_ROV/pwm_control_program/src/control_core/loop/control_loop_log.cpp,cpp,82,17,13,52,3
UnderwaterRobotSystem/OrangePi_STM32_for_ROV/pwm_control_program/src/control_core/loop/control_loop_helpers.cpp,cpp,190,38,56,96,22
UnderwaterRobotSystem/OrangePi_STM32_for_ROV/pwm_control_program/src/control_core/loop/control_loop_nav.cpp,cpp,141,29,21,91,11
UnderwaterRobotSystem/OrangePi_STM32_for_ROV/pwm_control_program/src/control_core/loop/control_loop_run.cpp,cpp,1066,120,114,832,106
UnderwaterRobotSystem/OrangePi_STM32_for_ROV/pwm_control_program/src/io/nav/nav_view_shm_source.cpp,cpp,127,28,6,93,11
UnderwaterRobotSystem/OrangePi_STM32_for_ROV/pwm_control_program/src/io/nav/nav_view_subscriber_shm.cpp,cpp,321,57,26,238,58
UnderwaterRobotSystem/OrangePi_STM32_for_ROV/pwm_control_program/src/io/log/pwm_logger.cpp,cpp,223,42,18,163,38
UnderwaterRobotSystem/OrangePi_STM32_for_ROV/pwm_control_program/src/io/log/control_loop_logger.cpp,cpp,195,33,15,147,18
UnderwaterRobotSystem/OrangePi_STM32_for_ROV/pwm_control_program/src/io/log/telemetry_timeline_logger.cpp,cpp,220,26,0,194,18
UnderwaterRobotSystem/OrangePi_STM32_for_ROV/pwm_control_program/src/io/input/intent_subscriber_shm.cpp,cpp,286,44,50,192,57
UnderwaterRobotSystem/OrangePi_STM32_for_ROV/pwm_control_program/src/io/input/key_event_subscriber_shm.cpp,cpp,388,70,27,291,59
UnderwaterRobotSystem/OrangePi_STM32_for_ROV/pwm_control_program/src/io/input/control_intent_wire_codec.cpp,cpp,225,38,48,139,33
UnderwaterRobotSystem/OrangePi_STM32_for_ROV/pwm_control_program/src/io/input/multi_input_provider.cpp,cpp,154,28,13,113,20
UnderwaterRobotSystem/OrangePi_STM32_for_ROV/pwm_control_program/src/io/input/telemetry_frame.cpp,cpp,0,0,0,0,0
UnderwaterRobotSystem/OrangePi_STM32_for_ROV/pwm_control_program/src/io/input/control_intent_wire_adapter.cpp,cpp,43,11,7,25,6
UnderwaterRobotSystem/OrangePi_STM32_for_ROV/pwm_control_program/src/io/input/teleop_input.cpp,cpp,125,22,20,83,13
UnderwaterRobotSystem/OrangePi_STM32_for_ROV/pwm_control_program/src/io/input/gcs_shm_input_provider.cpp,cpp,101,23,11,67,12
UnderwaterRobotSystem/OrangePi_STM32_for_ROV/pwm_control_program/src/io/teleop/teleop_keyboard.cpp,cpp,420,76,67,277,37
UnderwaterRobotSystem/OrangePi_STM32_for_ROV/pwm_control_program/src/io/state/telemetry_publisher_shm.cpp,cpp,212,30,0,182,26
UnderwaterRobotSystem/OrangePi_STM32_for_ROV/pwm_control_program/src/utils/config_loader.cpp,cpp,141,16,5,120,12
UnderwaterRobotSystem/OrangePi_STM32_for_ROV/pwm_control_program/src/utils/config_loader_trajectory.cpp,cpp,149,29,1,119,12
UnderwaterRobotSystem/OrangePi_STM32_for_ROV/pwm_control_program/src/utils/config_loader_pwm_client.cpp,cpp,227,37,20,170,49
UnderwaterRobotSystem/OrangePi_STM32_for_ROV/pwm_control_program/src/utils/config_loader_teleop_mixer.cpp,cpp,140,20,31,89,18
UnderwaterRobotSystem/OrangePi_STM32_for_ROV/pwm_control_program/src/utils/config_loader_alloc.cpp,cpp,168,22,1,145,30
UnderwaterRobotSystem/OrangePi_STM32_for_ROV/pwm_control_program/src/controllers/controller_manager.cpp,cpp,428,77,51,300,93
UnderwaterRobotSystem/OrangePi_STM32_for_ROV/pwm_control_program/src/controllers/manual_controller.cpp,cpp,127,21,47,59,6
UnderwaterRobotSystem/OrangePi_STM32_for_ROV/pwm_control_program/src/controllers/pid_controller.cpp,cpp,363,57,0,306,59
UnderwaterRobotSystem/OrangePi_STM32_for_ROV/pwm_control_program/include/platform/timebase.hpp,cpp,130,21,58,51,18
UnderwaterRobotSystem/OrangePi_STM32_for_ROV/pwm_control_program/include/platform/pwm_client.hpp,cpp,164,36,42,86,10
UnderwaterRobotSystem/OrangePi_STM32_for_ROV/pwm_control_program/include/control_core/control_mode.hpp,cpp,144,22,33,89,24
UnderwaterRobotSystem/OrangePi_STM32_for_ROV/pwm_control_program/include/control_core/app_context.hpp,cpp,112,20,43,49,4
UnderwaterRobotSystem/OrangePi_STM32_for_ROV/pwm_control_program/include/control_core/control_guard.hpp,cpp,170,36,30,104,16
UnderwaterRobotSystem/OrangePi_STM32_for_ROV/pwm_control_program/include/control_core/control_loop.hpp,cpp,303,44,157,102,14
UnderwaterRobotSystem/OrangePi_STM32_for_ROV/pwm_control_program/include/control_core/app_main.hpp,cpp,166,31,106,29,1
UnderwaterRobotSystem/OrangePi_STM32_for_ROV/pwm_control_program/include/control_core/thruster_allocation.hpp,cpp,227,36,133,58,5
UnderwaterRobotSystem/OrangePi_STM32_for_ROV/pwm_control_program/include/control_core/telemetry_frame_builder.hpp,cpp,52,14,0,38,7
UnderwaterRobotSystem/OrangePi_STM32_for_ROV/pwm_control_program/include/control_core/teleop_mixer.hpp,cpp,97,15,16,66,13
UnderwaterRobotSystem/OrangePi_STM32_for_ROV/pwm_control_program/include/control_core/trajectory_tracking.hpp,cpp,232,33,124,75,4
UnderwaterRobotSystem/OrangePi_STM32_for_ROV/pwm_control_program/include/control_core/mode.hpp,cpp,103,19,38,46,4
UnderwaterRobotSystem/OrangePi_STM32_for_ROV/pwm_control_program/include/control_core/control_types.hpp,cpp,166,32,32,102,1
UnderwaterRobotSystem/OrangePi_STM32_for_ROV/pwm_control_program/include/control_core/control_intent.hpp,cpp,138,28,33,77,4
UnderwaterRobotSystem/OrangePi_STM32_for_ROV/pwm_control_program/include/io/control_mode.hpp,cpp,11,3,0,8,2
UnderwaterRobotSystem/OrangePi_STM32_for_ROV/pwm_control_program/include/io/nav/nav_view_subscriber_shm.hpp,cpp,91,19,20,52,19
UnderwaterRobotSystem/OrangePi_STM32_for_ROV/pwm_control_program/include/io/nav/nav_state_view.hpp,cpp,57,11,19,27,7
UnderwaterRobotSystem/OrangePi_STM32_for_ROV/pwm_control_program/include/io/nav/nav_view_shm_source.hpp,cpp,64,14,15,35,7
UnderwaterRobotSystem/OrangePi_STM32_for_ROV/pwm_control_program/include/io/nav/nav_state_source.hpp,cpp,20,6,0,14,4
UnderwaterRobotSystem/OrangePi_STM32_for_ROV/pwm_control_program/include/io/log/pwm_logger.hpp,cpp,49,13,0,36,7
UnderwaterRobotSystem/OrangePi_STM32_for_ROV/pwm_control_program/include/io/log/control_loop_logger.hpp,cpp,173,19,90,64,4
UnderwaterRobotSystem/OrangePi_STM32_for_ROV/pwm_control_program/include/io/log/telemetry_timeline_logger.hpp,cpp,45,8,17,20,3
UnderwaterRobotSystem/OrangePi_STM32_for_ROV/pwm_control_program/include/io/input/control_intent_wire_adapter.hpp,cpp,26,6,10,10,2
UnderwaterRobotSystem/OrangePi_STM32_for_ROV/pwm_control_program/include/io/input/gcs_shm_input_provider.hpp,cpp,63,15,18,30,5
UnderwaterRobotSystem/OrangePi_STM32_for_ROV/pwm_control_program/include/io/input/control_intent_wire_codec.hpp,cpp,23,7,3,13,6
UnderwaterRobotSystem/OrangePi_STM32_for_ROV/pwm_control_program/include/io/input/multi_input_provider.hpp,cpp,48,13,1,34,3
UnderwaterRobotSystem/OrangePi_STM32_for_ROV/pwm_control_program/include/io/input/input_provider.hpp,cpp,92,16,40,36,5
UnderwaterRobotSystem/OrangePi_STM32_for_ROV/pwm_control_program/include/io/input/intent_sink.hpp,cpp,16,5,0,11,2
UnderwaterRobotSystem/OrangePi_STM32_for_ROV/pwm_control_program/include/io/input/teleop_input.hpp,cpp,87,24,21,42,4
UnderwaterRobotSystem/OrangePi_STM32_for_ROV/pwm_control_program/include/io/input/key_event_subscriber_shm.hpp,cpp,114,26,30,58,25
UnderwaterRobotSystem/OrangePi_STM32_for_ROV/pwm_control_program/include/io/input/intent_subscriber_shm.hpp,cpp,84,20,3,61,19
UnderwaterRobotSystem/OrangePi_STM32_for_ROV/pwm_control_program/include/io/teleop/teleop_keyboard.h,cpp,226,21,172,33,6
UnderwaterRobotSystem/OrangePi_STM32_for_ROV/pwm_control_program/include/io/gcs/gcs_session.hpp,cpp,21,7,6,8,2
UnderwaterRobotSystem/OrangePi_STM32_for_ROV/pwm_control_program/include/io/gcs/telemetry_frame.hpp,cpp,88,19,16,53,10
UnderwaterRobotSystem/OrangePi_STM32_for_ROV/pwm_control_program/include/io/state/telemetry_publisher_shm.hpp,cpp,62,15,0,47,11
UnderwaterRobotSystem/OrangePi_STM32_for_ROV/pwm_control_program/include/utils/config_loader.hpp,cpp,238,21,161,56,2
UnderwaterRobotSystem/OrangePi_STM32_for_ROV/pwm_control_program/include/utils/detail/dof.hpp,cpp,32,6,1,25,10
UnderwaterRobotSystem/OrangePi_STM32_for_ROV/pwm_control_program/include/utils/detail/trajectory_parsers.hpp,cpp,35,8,0,27,7
UnderwaterRobotSystem/OrangePi_STM32_for_ROV/pwm_control_program/include/utils/detail/yaml_helpers.hpp,cpp,50,7,1,42,8
UnderwaterRobotSystem/OrangePi_STM32_for_ROV/pwm_control_program/include/utils/detail/config_log.hpp,cpp,33,7,0,26,7
UnderwaterRobotSystem/OrangePi_STM32_for_ROV/pwm_control_program/include/controllers/pid_controller.hpp,cpp,156,35,0,121,23
UnderwaterRobotSystem/OrangePi_STM32_for_ROV/pwm_control_program/include/controllers/controller_manager.hpp,cpp,408,60,228,120,23
UnderwaterRobotSystem/OrangePi_STM32_for_ROV/pwm_control_program/include/controllers/controller_base.hpp,cpp,69,11,38,20,7
UnderwaterRobotSystem/OrangePi_STM32_for_ROV/pwm_control_program/include/controllers/manual_controller.hpp,cpp,262,37,173,52,12
UnderwaterRobotSystem/OrangePi_STM32_for_ROV/orangepi_send/CMakeLists.txt,cmake,79,12,0,67,9
UnderwaterRobotSystem/OrangePi_STM32_for_ROV/orangepi_send/src/UdpSender.cpp,cpp,293,40,14,239,38
UnderwaterRobotSystem/OrangePi_STM32_for_ROV/orangepi_send/src/libpwm_host.c,cpp,530,97,61,372,84
UnderwaterRobotSystem/OrangePi_STM32_for_ROV/orangepi_send/src/pwm_control.c,cpp,752,127,168,457,103
UnderwaterRobotSystem/OrangePi_STM32_for_ROV/orangepi_send/src/PwmFrameBuilder.cpp,cpp,268,55,21,192,25
UnderwaterRobotSystem/OrangePi_STM32_for_ROV/orangepi_send/src/crc16_ccitt.cpp,cpp,56,5,2,49,1
UnderwaterRobotSystem/OrangePi_STM32_for_ROV/orangepi_send/src/protocol_pack.c,cpp,97,17,7,73,10
UnderwaterRobotSystem/OrangePi_STM32_for_ROV/orangepi_send/src/main.cpp,cpp,221,28,19,174,19
UnderwaterRobotSystem/OrangePi_STM32_for_ROV/orangepi_send/include/libpwm_host.h,cpp,236,38,152,46,10
UnderwaterRobotSystem/OrangePi_STM32_for_ROV/orangepi_send/include/UdpSender.h,cpp,84,18,29,37,3
UnderwaterRobotSystem/OrangePi_STM32_for_ROV/orangepi_send/include/crc16_ccitt.h,cpp,42,8,5,29,2
UnderwaterRobotSystem/OrangePi_STM32_for_ROV/orangepi_send/include/pwm_control.h,cpp,378,43,281,54,7
UnderwaterRobotSystem/OrangePi_STM32_for_ROV/orangepi_send/include/protocol_pack.hpp,cpp,24,1,0,23,0
UnderwaterRobotSystem/OrangePi_STM32_for_ROV/orangepi_send/include/PwmFrameBuilder.h,cpp,225,42,105,78,7
UnderwaterRobotSystem/OrangePi_STM32_for_ROV/orangepi_send/include/protocol_pack.h,cpp,30,7,5,18,4
UnderWaterRobotGCS/tests/test_ros2_mirror_adapter.py,python,94,13,0,81,3
UnderWaterRobotGCS/tests/test_telemetry_viewmodels.py,python,133,14,0,119,5
UnderWaterRobotGCS/tests/test_gui_overview_presenter.py,python,190,16,0,174,5
UnderWaterRobotGCS/tests/test_keyboard_mapper.py,python,31,11,0,20,2
UnderWaterRobotGCS/tests/test_tui_view.py,python,65,8,0,57,3
UnderWaterRobotGCS/tests/test_codec.py,python,80,13,0,67,2
UnderWaterRobotGCS/tests/test_safety_ttl.py,python,0,0,0,0,0
UnderWaterRobotGCS/tests/test_ros2_mirror_source.py,python,78,14,0,64,5
UnderWaterRobotGCS/tests/test_transport_udp.py,python,0,0,0,0,0
UnderWaterRobotGCS/tests/test_nav_diagnostics.py,python,42,9,0,33,2
UnderWaterRobotGCS/tests/test_service_state.py,python,26,8,0,18,2
UnderWaterRobotGCS/tests/test_gui_env.py,python,33,9,0,24,1
UnderWaterRobotGCS/src/urogcs/__init__.py,python,0,0,0,0,0
UnderWaterRobotGCS/src/urogcs/telemetry/ui_viewmodels.py,python,246,31,5,210,20
UnderWaterRobotGCS/src/urogcs/telemetry/ros2_mirror_adapter.py,python,117,20,10,87,16
UnderWaterRobotGCS/src/urogcs/telemetry/ros2_mirror_source.py,python,155,21,5,129,10
UnderWaterRobotGCS/src/urogcs/telemetry/alarms.py,python,184,24,18,142,16
UnderWaterRobotGCS/src/urogcs/telemetry/model.py,python,115,22,6,87,16
UnderWaterRobotGCS/src/urogcs/tools/__init__.py,python,0,0,0,0,0
UnderWaterRobotGCS/src/urogcs/tools/intent_watch.py,python,116,23,12,81,5
UnderWaterRobotGCS/src/urogcs/tools/replay.py,python,106,24,1,81,13
UnderWaterRobotGCS/src/urogcs/tools/preflight_check.py,python,117,25,1,91,20
UnderWaterRobotGCS/src/urogcs/tools/pcap_export.py,python,152,28,8,116,7
UnderWaterRobotGCS/src/urogcs/transport/tcp_link.py,python,0,0,0,0,0
UnderWaterRobotGCS/src/urogcs/transport/udp_link.py,python,162,27,25,110,22
UnderWaterRobotGCS/src/urogcs/transport/recorder.py,python,96,19,12,65,14
UnderWaterRobotGCS/src/urogcs/app/gui_main.py,python,67,10,2,55,11
UnderWaterRobotGCS/src/urogcs/app/cli_main.py,python,0,0,0,0,0
UnderWaterRobotGCS/src/urogcs/app/__init__.py,python,0,0,0,0,0
UnderWaterRobotGCS/src/urogcs/app/tui/tui_loop.py,python,376,55,64,257,39
UnderWaterRobotGCS/src/urogcs/app/tui/tui_env.py,python,85,21,23,41,1
UnderWaterRobotGCS/src/urogcs/app/tui/tui_keys.py,python,241,49,77,115,32
UnderWaterRobotGCS/src/urogcs/app/tui/tui_main.py,python,26,7,1,18,3
UnderWaterRobotGCS/src/urogcs/app/tui/__init__.py,python,0,0,0,0,0
UnderWaterRobotGCS/src/urogcs/app/tui/tui_view.py,python,444,72,26,346,81
UnderWaterRobotGCS/src/urogcs/app/gui/gui_env.py,python,58,13,8,37,0
UnderWaterRobotGCS/src/urogcs/app/gui/overview_presenter.py,python,397,57,0,340,65
UnderWaterRobotGCS/src/urogcs/app/gui/main_window.py,python,427,51,64,312,26
UnderWaterRobotGCS/src/urogcs/app/gui/__init__.py,python,1,0,0,1,0
UnderWaterRobotGCS/src/urogcs/protocol/wire.py,python,194,41,41,112,7
UnderWaterRobotGCS/src/urogcs/protocol/compat.py,python,0,0,0,0,0
UnderWaterRobotGCS/src/urogcs/protocol/codec.py,python,439,72,54,313,25
UnderWaterRobotGCS/src/urogcs/protocol/messages.py,python,251,43,4,204,17
UnderWaterRobotGCS/src/urogcs/protocol/__init__.py,python,0,0,0,0,0
UnderWaterRobotGCS/src/urogcs/protocol/crc32c.py,python,31,4,3,24,7
UnderWaterRobotGCS/src/urogcs/core/config.py,python,0,0,0,0,0
UnderWaterRobotGCS/src/urogcs/core/service.py,python,467,77,139,251,30
UnderWaterRobotGCS/src/urogcs/core/models.py,python,0,0,0,0,0
UnderWaterRobotGCS/src/urogcs/control/gamepad_mapper.py,python,0,0,0,0,0
UnderWaterRobotGCS/src/urogcs/control/keyboard_mapper.py,python,216,35,70,111,32
UnderWaterRobotGCS/src/urogcs/control/safety.py,python,88,21,12,55,13
UnderWaterRobotGCS/src/urogcs/session/session_client.py,python,765,121,151,493,68
2026-01-26/plot_dvl_trajs.py,python,120,24,6,90,8
2026-01-26/dvl_traj_build.py,python,208,49,20,139,18
