rel_path,lang,risk_score,code_lines,comment_lines,comment_ratio,branch_tokens,max_func_len,max_nest
tools/project_size_report.py,python,4325,288,35,0.1084,74,211,7
tools/quality/git_hotspots.py,python,268,92,8,0.08,22,0,0
tools/quality/metrics_complexity.py,python,351,135,16,0.106,27,0,0
tools/quality/deps_includes.py,python,1220,70,16,0.186,20,50,6
tools/quality/report_md.py,python,1232,416,2,0.0048,77,0,0
tools/quality/__init__.py,python,0,0,0,0.0,0,0,0
tools/quality/metrics_loc.py,python,315,107,17,0.1371,26,0,0
tools/quality/audit.py,python,3935,208,35,0.144,9,233,4
tools/quality/cmake_audit.py,python,0,0,0,0.0,0,0,0
tools/quality/common.py,python,339,115,4,0.0336,28,0,0
tools/quality/risk_scan.py,python,143,71,2,0.0274,9,0,0
UnderwaterRobotSystem/CMakeLists.txt,cmake,13,5,0,0.0,1,0,0
UnderwaterRobotSystem/Underwater-robot-navigation/git_auto.py,python,1113,52,20,0.2778,7,51,6
UnderwaterRobotSystem/Underwater-robot-navigation/apps/__init__.py,python,0,0,0,0.0,0,0,0
UnderwaterRobotSystem/Underwater-robot-navigation/apps/tools/imu_xy_zero.py,python,636,37,7,0.1591,3,33,2
UnderwaterRobotSystem/Underwater-robot-navigation/apps/tools/imu_baud_switch.py,python,1126,82,12,0.1277,13,52,4
UnderwaterRobotSystem/Underwater-robot-navigation/apps/tools/dvl_data_verifier.py,python,1993,215,34,0.1365,31,94,3
UnderwaterRobotSystem/Underwater-robot-navigation/apps/tools/tmux_telemetry_manager.py,python,2541,229,39,0.1455,44,120,4
UnderwaterRobotSystem/Underwater-robot-navigation/apps/tools/dvl_safety_probe.py,python,2153,167,18,0.0973,22,110,4
UnderwaterRobotSystem/Underwater-robot-navigation/apps/tools/multisensor_postproc.py,python,1882,203,77,0.275,33,81,5
UnderwaterRobotSystem/Underwater-robot-navigation/apps/tools/volt32_data_verifier.py,python,1480,225,27,0.1071,40,49,5
UnderwaterRobotSystem/Underwater-robot-navigation/apps/tools/imu_data_verifier.py,python,1219,298,48,0.1387,37,31,4
UnderwaterRobotSystem/Underwater-robot-navigation/apps/acquire/imu_logger.py,python,2066,307,45,0.1278,38,81,6
UnderwaterRobotSystem/Underwater-robot-navigation/apps/acquire/sensor_capture_launcher.py,python,1275,443,11,0.0242,79,0,0
UnderwaterRobotSystem/Underwater-robot-navigation/apps/acquire/Volt32_logger.py,python,2558,375,47,0.1114,66,97,5
UnderwaterRobotSystem/Underwater-robot-navigation/apps/acquire/DVL_logger.py,python,3083,484,111,0.1866,93,105,7
UnderwaterRobotSystem/Underwater-robot-navigation/uwnav/__init__.py,python,0,0,0,0.0,0,0,0
UnderwaterRobotSystem/Underwater-robot-navigation/uwnav/nav/__init__.py,python,0,0,0,0.0,0,0,0
UnderwaterRobotSystem/Underwater-robot-navigation/uwnav/fusion/__init__.py,python,0,0,0,0.0,0,0,0
UnderwaterRobotSystem/Underwater-robot-navigation/uwnav/fusion/meas_models/dvl.py,python,0,0,0,0.0,0,0,0
UnderwaterRobotSystem/Underwater-robot-navigation/uwnav/fusion/meas_models/__init__.py,python,0,0,0,0.0,0,0,0
UnderwaterRobotSystem/Underwater-robot-navigation/uwnav/io/channel_frames.py,python,578,45,5,0.1,11,19,4
UnderwaterRobotSystem/Underwater-robot-navigation/uwnav/io/acquisition_diagnostics.py,python,2676,165,7,0.0407,12,153,3
UnderwaterRobotSystem/Underwater-robot-navigation/uwnav/io/data_paths.py,python,21,13,15,0.5357,1,0,0
UnderwaterRobotSystem/Underwater-robot-navigation/uwnav/io/__init__.py,python,0,0,0,0.0,0,0,0
UnderwaterRobotSystem/Underwater-robot-navigation/uwnav/io/timebase.py,python,98,66,73,0.5252,4,0,0
UnderwaterRobotSystem/Underwater-robot-navigation/uwnav/drivers/__init__.py,python,0,0,0,0.0,0,0,0
UnderwaterRobotSystem/Underwater-robot-navigation/uwnav/drivers/imu/WitHighModbus/imu_xy_zero.py,python,636,37,7,0.1591,3,33,2
UnderwaterRobotSystem/Underwater-robot-navigation/uwnav/drivers/imu/WitHighModbus/filters.py,python,1795,110,39,0.2617,15,91,5
UnderwaterRobotSystem/Underwater-robot-navigation/uwnav/drivers/imu/WitHighModbus/imu_baud_switch.py,python,1141,82,12,0.1277,13,53,4
UnderwaterRobotSystem/Underwater-robot-navigation/uwnav/drivers/imu/WitHighModbus/test.py,python,341,8,10,0.5556,1,19,1
UnderwaterRobotSystem/Underwater-robot-navigation/uwnav/drivers/imu/WitHighModbus/serial_io_tools.py,python,1109,95,10,0.0952,18,42,6
UnderwaterRobotSystem/Underwater-robot-navigation/uwnav/drivers/imu/WitHighModbus/sensor1.py,python,1230,94,14,0.1296,7,64,3
UnderwaterRobotSystem/Underwater-robot-navigation/uwnav/drivers/imu/WitHighModbus/tool.py,python,553,37,27,0.4219,7,20,4
UnderwaterRobotSystem/Underwater-robot-navigation/uwnav/drivers/imu/WitHighModbus/__init__.py,python,0,0,0,0.0,0,0,0
UnderwaterRobotSystem/Underwater-robot-navigation/uwnav/drivers/imu/WitHighModbus/device_model.py,python,1401,250,86,0.256,27,49,5
UnderwaterRobotSystem/Underwater-robot-navigation/uwnav/drivers/imu/WitHighModbus/Python-WitProtocol(输出经纬度2)-1661322549826/chs/WT901C485.py,python,723,31,115,0.7877,9,36,2
UnderwaterRobotSystem/Underwater-robot-navigation/uwnav/drivers/imu/WitHighModbus/Python-WitProtocol(输出经纬度2)-1661322549826/chs/JY901S.py,python,743,29,119,0.8041,8,38,2
UnderwaterRobotSystem/Underwater-robot-navigation/uwnav/drivers/imu/WitHighModbus/Python-WitProtocol(输出经纬度2)-1661322549826/chs/lib/device_model.py,python,799,100,105,0.5122,18,21,6
UnderwaterRobotSystem/Underwater-robot-navigation/uwnav/drivers/imu/WitHighModbus/Python-WitProtocol(输出经纬度2)-1661322549826/chs/lib/protocol_resolver/interface/i_protocol_resolver.py,python,237,32,55,0.6322,0,11,1
UnderwaterRobotSystem/Underwater-robot-navigation/uwnav/drivers/imu/WitHighModbus/Python-WitProtocol(输出经纬度2)-1661322549826/chs/lib/protocol_resolver/roles/wit_protocol_resolver.py,python,1605,220,114,0.3413,40,47,9
UnderwaterRobotSystem/Underwater-robot-navigation/uwnav/drivers/imu/WitHighModbus/Python-WitProtocol(输出经纬度2)-1661322549826/chs/lib/protocol_resolver/roles/protocol_485_resolver.py,python,1718,210,81,0.2784,31,68,6
UnderwaterRobotSystem/Underwater-robot-navigation/uwnav/drivers/imu/WitHighModbus/Python-WitProtocol(输出经纬度2)-1661322549826/chs/lib/data_processor/interface/i_data_processor.py,python,112,12,6,0.3333,0,4,1
UnderwaterRobotSystem/Underwater-robot-navigation/uwnav/drivers/imu/WitHighModbus/Python-WitProtocol(输出经纬度2)-1661322549826/chs/lib/data_processor/roles/jy901s_dataProcessor.py,python,174,11,4,0.2667,1,5,2
UnderwaterRobotSystem/Underwater-robot-navigation/uwnav/drivers/imu/WitHighModbus/Python-WitProtocol(输出经纬度2)-1661322549826/chs/lib/utils/byte_array_converter.py,python,2,2,4,0.6667,0,0,0
UnderwaterRobotSystem/Underwater-robot-navigation/uwnav/drivers/dvl/hover_h1000/tcp_if.py,python,729,80,58,0.4203,13,23,5
UnderwaterRobotSystem/Underwater-robot-navigation/uwnav/drivers/dvl/hover_h1000/protocol.py,python,601,233,62,0.2102,46,0,0
UnderwaterRobotSystem/Underwater-robot-navigation/uwnav/drivers/dvl/hover_h1000/serial_if.py,python,683,65,49,0.4298,11,22,5
UnderwaterRobotSystem/Underwater-robot-navigation/uwnav/drivers/dvl/hover_h1000/__init__.py,python,0,0,0,0.0,0,0,0
UnderwaterRobotSystem/Underwater-robot-navigation/uwnav/drivers/dvl/hover_h1000/io.py,python,5138,676,183,0.213,114,210,10
UnderwaterRobotSystem/Underwater-robot-navigation/uwnav/drivers/dvl/hover_h1000/command.py,python,210,58,12,0.1714,19,0,0
UnderwaterRobotSystem/Underwater-robot-navigation/uwnav/sensors/dvl_hover_h1000.py,python,696,91,9,0.09,15,19,5
UnderwaterRobotSystem/Underwater-robot-navigation/uwnav/sensors/imu.py,python,1354,367,61,0.1425,54,29,3
UnderwaterRobotSystem/Underwater-robot-navigation/uwnav/sensors/__init__.py,python,0,0,0,0.0,0,0,0
UnderwaterRobotSystem/Underwater-robot-navigation/uwnav/preprocess/__init__.py,python,0,0,0,0.0,0,0,0
UnderwaterRobotSystem/Underwater-robot-navigation/tests/test_channel_frames.py,python,41,25,0,0.0,2,0,0
UnderwaterRobotSystem/Underwater-robot-navigation/tests/test_acquisition_diagnostics.py,python,52,36,0,0.0,2,0,0
UnderwaterRobotSystem/Underwater-robot-navigation/tests/test_dvl_protocol.py,python,62,30,0,0.0,4,0,0
UnderwaterRobotSystem/Underwater-robot-navigation/tests/test_sensor_capture_launcher.py,python,994,62,0,0.0,9,52,2
UnderwaterRobotSystem/Underwater-robot-navigation/nav_core/CMakeLists.txt,cmake,532,260,0,0.0,9,0,0
UnderwaterRobotSystem/Underwater-robot-navigation/nav_core/tools/replay_compare.py,python,365,189,11,0.055,22,0,0
UnderwaterRobotSystem/Underwater-robot-navigation/nav_core/tools/merge_robot_timeline.py,python,2023,711,30,0.0405,139,0,0
UnderwaterRobotSystem/Underwater-robot-navigation/nav_core/tools/dump_nav_logs_csv.py,python,715,331,7,0.0207,23,0,0
UnderwaterRobotSystem/Underwater-robot-navigation/nav_core/tools/parse_nav_timing.py,python,746,242,9,0.0359,38,0,0
UnderwaterRobotSystem/Underwater-robot-navigation/nav_core/tools/usb_serial_snapshot.py,python,281,105,8,0.0708,22,0,0
UnderwaterRobotSystem/Underwater-robot-navigation/nav_core/tools/tests/test_merge_robot_timeline.py,python,582,294,0,0.0,11,0,0
UnderwaterRobotSystem/Underwater-robot-navigation/nav_core/tools/tests/test_replay_compare.py,python,114,98,0,0.0,2,0,0
UnderwaterRobotSystem/Underwater-robot-navigation/nav_core/tools/tests/test_usb_serial_snapshot.py,python,45,29,0,0.0,2,0,0
UnderwaterRobotSystem/Underwater-robot-navigation/nav_core/tests/test_nav_diagnostic_fixture.cpp,cpp,1730,132,0,0.0,6,98,2
UnderwaterRobotSystem/Underwater-robot-navigation/nav_core/tests/test_imu_port_selector.cpp,cpp,1378,235,0,0.0,21,41,4
UnderwaterRobotSystem/Underwater-robot-navigation/nav_core/tests/test_serial_reconnect_integration.cpp,cpp,2575,243,0,0.0,14,124,4
UnderwaterRobotSystem/Underwater-robot-navigation/nav_core/tests/test_nav_daemon_config.cpp,cpp,981,103,0,0.0,6,50,2
UnderwaterRobotSystem/Underwater-robot-navigation/nav_core/tests/test_sample_timing.cpp,cpp,547,76,0,0.0,7,25,1
UnderwaterRobotSystem/Underwater-robot-navigation/nav_core/tests/test_nav_health_monitor.cpp,cpp,686,101,0,0.0,20,23,2
UnderwaterRobotSystem/Underwater-robot-navigation/nav_core/tests/test_device_binding.cpp,cpp,861,152,0,0.0,8,35,3
UnderwaterRobotSystem/Underwater-robot-navigation/nav_core/tests/test_nav_runtime_status.cpp,cpp,1092,223,0,0.0,13,35,1
UnderwaterRobotSystem/Underwater-robot-navigation/nav_core/tests/test_nav_state_replay.cpp,cpp,710,102,0,0.0,6,32,2
UnderwaterRobotSystem/Underwater-robot-navigation/nav_core/tests/test_imu_modbus_probe.cpp,cpp,950,159,0,0.0,17,33,4
UnderwaterRobotSystem/Underwater-robot-navigation/nav_core/tests/test_pty_utils.hpp,cpp,758,132,0,0.0,22,22,3
UnderwaterRobotSystem/Underwater-robot-navigation/nav_core/tests/test_imu_serial_diagnostics.cpp,cpp,665,116,0,0.0,13,19,4
UnderwaterRobotSystem/Underwater-robot-navigation/nav_core/src/nav_core/estimator/eskf_config_yaml.cpp,cpp,3772,198,35,0.1502,28,210,5
UnderwaterRobotSystem/Underwater-robot-navigation/nav_core/src/nav_core/estimator/eskf_propagate.cpp,cpp,2667,127,16,0.1119,10,156,3
UnderwaterRobotSystem/Underwater-robot-navigation/nav_core/src/nav_core/estimator/eskf_update_yaw.cpp,cpp,1710,94,2,0.0208,7,96,3
UnderwaterRobotSystem/Underwater-robot-navigation/nav_core/src/nav_core/estimator/nav_health_monitor.cpp,cpp,5115,407,34,0.0771,96,252,4
UnderwaterRobotSystem/Underwater-robot-navigation/nav_core/src/nav_core/estimator/eskf_core.cpp,cpp,732,96,7,0.068,2,36,2
UnderwaterRobotSystem/Underwater-robot-navigation/nav_core/src/nav_core/estimator/eskf_update_dvl.cpp,cpp,6270,419,15,0.0346,32,349,4
UnderwaterRobotSystem/Underwater-robot-navigation/nav_core/src/nav_core/estimator/graph_smoother_2d.cpp,cpp,4478,296,92,0.2371,34,250,4
UnderwaterRobotSystem/Underwater-robot-navigation/nav_core/src/nav_core/estimator/eskf.cpp,cpp,6,6,173,0.9665,0,0,0
UnderwaterRobotSystem/Underwater-robot-navigation/nav_core/src/nav_core/estimator/online_estimator.cpp,cpp,1477,215,97,0.3109,19,66,3
UnderwaterRobotSystem/Underwater-robot-navigation/nav_core/src/nav_core/app/nav_daemon_dvl_pipeline.cpp,cpp,3544,221,0,0.0,36,173,6
UnderwaterRobotSystem/Underwater-robot-navigation/nav_core/src/nav_core/app/nav_runtime_status.cpp,cpp,1989,183,1,0.0054,32,98,2
UnderwaterRobotSystem/Underwater-robot-navigation/nav_core/src/nav_core/app/nav_daemon_devices.cpp,cpp,2390,416,0,0.0,58,74,5
UnderwaterRobotSystem/Underwater-robot-navigation/nav_core/src/nav_core/app/sample_timing.cpp,cpp,478,48,0,0.0,10,18,2
UnderwaterRobotSystem/Underwater-robot-navigation/nav_core/src/nav_core/app/nav_daemon_imu_pipeline.cpp,cpp,2890,178,0,0.0,29,152,5
UnderwaterRobotSystem/Underwater-robot-navigation/nav_core/src/nav_core/app/nav_daemon_config.cpp,cpp,6059,359,55,0.1329,50,340,5
UnderwaterRobotSystem/Underwater-robot-navigation/nav_core/src/nav_core/app/imu_port_selector.cpp,cpp,1890,273,3,0.0109,39,63,4
UnderwaterRobotSystem/Underwater-robot-navigation/nav_core/src/nav_core/app/nav_state_replay.cpp,cpp,1430,105,0,0.0,20,67,4
UnderwaterRobotSystem/Underwater-robot-navigation/nav_core/src/nav_core/app/nav_daemon.cpp,cpp,959,84,16,0.16,10,45,3
UnderwaterRobotSystem/Underwater-robot-navigation/nav_core/src/nav_core/app/nav_daemon_health_audit.cpp,cpp,1294,150,0,0.0,23,56,3
UnderwaterRobotSystem/Underwater-robot-navigation/nav_core/src/nav_core/app/nav_daemon_loop_state.cpp,cpp,631,136,0,0.0,20,17,2
UnderwaterRobotSystem/Underwater-robot-navigation/nav_core/src/nav_core/app/nav_daemon_runner.cpp,cpp,2843,234,6,0.025,13,143,4
UnderwaterRobotSystem/Underwater-robot-navigation/nav_core/src/nav_core/app/device_binding.cpp,cpp,2527,321,0,0.0,77,82,4
UnderwaterRobotSystem/Underwater-robot-navigation/nav_core/src/nav_core/app/nav_daemon_publish.cpp,cpp,1035,125,0,0.0,5,50,3
UnderwaterRobotSystem/Underwater-robot-navigation/nav_core/src/nav_core/app/nav_daemon_logging.cpp,cpp,3310,885,1,0.0011,95,87,4
UnderwaterRobotSystem/Underwater-robot-navigation/nav_core/src/nav_core/app/tools/imu_modbus_probe.cpp,cpp,2668,310,8,0.0252,61,98,5
UnderwaterRobotSystem/Underwater-robot-navigation/nav_core/src/nav_core/app/tools/DVL_selftest.cpp,cpp,2715,342,46,0.1186,61,115,4
UnderwaterRobotSystem/Underwater-robot-navigation/nav_core/src/nav_core/app/tools/nav_state_replay.cpp,cpp,1751,164,0,0.0,34,77,4
UnderwaterRobotSystem/Underwater-robot-navigation/nav_core/src/nav_core/core/logging.cpp,cpp,489,58,6,0.0938,12,17,2
UnderwaterRobotSystem/Underwater-robot-navigation/nav_core/src/nav_core/core/timebase.cpp,cpp,512,47,2,0.0408,5,23,2
UnderwaterRobotSystem/Underwater-robot-navigation/nav_core/src/nav_core/io/nav_state_publisher.cpp,cpp,2170,232,53,0.186,36,102,3
UnderwaterRobotSystem/Underwater-robot-navigation/nav_core/src/nav_core/io/bin_logger.cpp,cpp,1206,193,30,0.1345,41,35,4
UnderwaterRobotSystem/Underwater-robot-navigation/nav_core/src/nav_core/drivers/imu_modbus_probe.cpp,cpp,1441,174,0,0.0,24,61,4
UnderwaterRobotSystem/Underwater-robot-navigation/nav_core/src/nav_core/drivers/serial_port_utils.cpp,cpp,1022,91,0,0.0,22,45,2
UnderwaterRobotSystem/Underwater-robot-navigation/nav_core/src/nav_core/drivers/imu_serial_diagnostics.cpp,cpp,2276,302,3,0.0098,63,74,4
UnderwaterRobotSystem/Underwater-robot-navigation/nav_core/src/nav_core/drivers/dvl_protocol.cpp,cpp,2642,427,54,0.1123,80,97,3
UnderwaterRobotSystem/Underwater-robot-navigation/nav_core/src/nav_core/drivers/imu_driver_wit.cpp,cpp,2781,479,113,0.1909,64,106,5
UnderwaterRobotSystem/Underwater-robot-navigation/nav_core/src/nav_core/drivers/dvl_driver.cpp,cpp,2759,382,74,0.1623,69,111,4
UnderwaterRobotSystem/Underwater-robot-navigation/nav_core/src/nav_core/preprocess/dvl_rt_preprocessor.cpp,cpp,4011,188,64,0.254,21,233,4
UnderwaterRobotSystem/Underwater-robot-navigation/nav_core/src/nav_core/preprocess/imu_rt_preprocessor.cpp,cpp,4306,306,67,0.1796,45,232,4
UnderwaterRobotSystem/Underwater-robot-navigation/nav_core/include/nav_core/estimator/graph_smoother_2d.hpp,cpp,171,55,142,0.7208,2,4,1
UnderwaterRobotSystem/Underwater-robot-navigation/nav_core/include/nav_core/estimator/eskf.hpp,cpp,500,133,321,0.707,4,17,2
UnderwaterRobotSystem/Underwater-robot-navigation/nav_core/include/nav_core/estimator/eskf_math.hpp,cpp,536,106,10,0.0862,0,26,1
UnderwaterRobotSystem/Underwater-robot-navigation/nav_core/include/nav_core/estimator/nav_health_monitor.hpp,cpp,394,147,219,0.5984,29,1,0
UnderwaterRobotSystem/Underwater-robot-navigation/nav_core/include/nav_core/estimator/online_estimator.hpp,cpp,280,63,143,0.6942,4,7,2
UnderwaterRobotSystem/Underwater-robot-navigation/nav_core/include/nav_core/estimator/eskf_config_yaml.hpp,cpp,8,8,18,0.6923,0,0,0
UnderwaterRobotSystem/Underwater-robot-navigation/nav_core/include/nav_core/app/nav_daemon_health_audit.hpp,cpp,23,23,15,0.3947,0,0,0
UnderwaterRobotSystem/Underwater-robot-navigation/nav_core/include/nav_core/app/nav_daemon_devices.hpp,cpp,49,49,50,0.5051,0,0,0
UnderwaterRobotSystem/Underwater-robot-navigation/nav_core/include/nav_core/app/nav_daemon_config.hpp,cpp,74,74,60,0.4478,0,0,0
UnderwaterRobotSystem/Underwater-robot-navigation/nav_core/include/nav_core/app/imu_port_selector.hpp,cpp,22,22,45,0.6716,0,0,0
UnderwaterRobotSystem/Underwater-robot-navigation/nav_core/include/nav_core/app/nav_state_replay.hpp,cpp,32,24,9,0.2727,1,0,0
UnderwaterRobotSystem/Underwater-robot-navigation/nav_core/include/nav_core/app/nav_daemon_dvl_pipeline.hpp,cpp,23,23,16,0.4103,0,0,0
UnderwaterRobotSystem/Underwater-robot-navigation/nav_core/include/nav_core/app/nav_daemon_imu_pipeline.hpp,cpp,23,23,16,0.4103,0,0,0
UnderwaterRobotSystem/Underwater-robot-navigation/nav_core/include/nav_core/app/nav_daemon_publish.hpp,cpp,31,31,19,0.38,0,0,0
UnderwaterRobotSystem/Underwater-robot-navigation/nav_core/include/nav_core/app/device_binding.hpp,cpp,136,74,59,0.4436,4,2,0
UnderwaterRobotSystem/Underwater-robot-navigation/nav_core/include/nav_core/app/sample_timing.hpp,cpp,64,24,25,0.5102,5,0,0
UnderwaterRobotSystem/Underwater-robot-navigation/nav_core/include/nav_core/app/nav_daemon_logging.hpp,cpp,114,106,31,0.2263,1,0,0
UnderwaterRobotSystem/Underwater-robot-navigation/nav_core/include/nav_core/app/nav_daemon_loop_state.hpp,cpp,109,69,36,0.3429,5,0,0
UnderwaterRobotSystem/Underwater-robot-navigation/nav_core/include/nav_core/app/nav_runtime_status.hpp,cpp,53,29,32,0.5246,3,0,0
UnderwaterRobotSystem/Underwater-robot-navigation/nav_core/include/nav_core/core/types.hpp,cpp,96,80,168,0.6774,2,0,0
UnderwaterRobotSystem/Underwater-robot-navigation/nav_core/include/nav_core/core/timebase.hpp,cpp,47,47,40,0.4598,0,0,0
UnderwaterRobotSystem/Underwater-robot-navigation/nav_core/include/nav_core/core/status.hpp,cpp,166,42,46,0.5227,3,4,1
UnderwaterRobotSystem/Underwater-robot-navigation/nav_core/include/nav_core/core/math.hpp,cpp,1168,285,121,0.298,46,29,2
UnderwaterRobotSystem/Underwater-robot-navigation/nav_core/include/nav_core/core/logging.hpp,cpp,54,22,38,0.6333,4,0,0
UnderwaterRobotSystem/Underwater-robot-navigation/nav_core/include/nav_core/io/bin_logger.hpp,cpp,193,37,30,0.4478,7,4,1
UnderwaterRobotSystem/Underwater-robot-navigation/nav_core/include/nav_core/io/log_packets.hpp,cpp,309,253,150,0.3722,7,0,0
UnderwaterRobotSystem/Underwater-robot-navigation/nav_core/include/nav_core/io/nav_state_publisher.hpp,cpp,133,46,71,0.6068,9,1,0
UnderwaterRobotSystem/Underwater-robot-navigation/nav_core/include/nav_core/drivers/imu_serial_diagnostics.hpp,cpp,54,46,35,0.4321,1,0,0
UnderwaterRobotSystem/Underwater-robot-navigation/nav_core/include/nav_core/drivers/imu_driver_wit.hpp,cpp,129,89,79,0.4702,5,0,0
UnderwaterRobotSystem/Underwater-robot-navigation/nav_core/include/nav_core/drivers/dvl_driver.hpp,cpp,251,101,147,0.5927,15,2,0
UnderwaterRobotSystem/Underwater-robot-navigation/nav_core/include/nav_core/drivers/serial_binding.hpp,cpp,15,15,11,0.4231,0,0,0
UnderwaterRobotSystem/Underwater-robot-navigation/nav_core/include/nav_core/drivers/imu_modbus_probe.hpp,cpp,59,43,17,0.2833,2,0,0
UnderwaterRobotSystem/Underwater-robot-navigation/nav_core/include/nav_core/drivers/dvl_protocol.hpp,cpp,126,62,198,0.7615,8,0,0
UnderwaterRobotSystem/Underwater-robot-navigation/nav_core/include/nav_core/drivers/serial_port_utils.hpp,cpp,12,12,29,0.7073,0,0,0
UnderwaterRobotSystem/Underwater-robot-navigation/nav_core/include/nav_core/filters/filter_common.hpp,cpp,10,10,4,0.2857,0,0,0
UnderwaterRobotSystem/Underwater-robot-navigation/nav_core/include/nav_core/preprocess/dvl_rt_preprocessor.hpp,cpp,269,75,159,0.6795,3,6,2
UnderwaterRobotSystem/Underwater-robot-navigation/nav_core/include/nav_core/preprocess/imu_rt_preprocessor.hpp,cpp,302,47,195,0.8058,5,9,2
UnderwaterRobotSystem/UnderwaterRobotSystem/tools/__init__.py,python,0,0,1,1.0,0,0,0
UnderwaterRobotSystem/UnderwaterRobotSystem/tools/project_size_report.py,python,2614,183,41,0.183,42,121,7
UnderwaterRobotSystem/UnderwaterRobotSystem/tools/supervisor/bundle_archive.py,python,313,129,1,0.0077,23,0,0
UnderwaterRobotSystem/UnderwaterRobotSystem/tools/supervisor/phase0_supervisor.py,python,5040,1904,9,0.0047,367,0,0
UnderwaterRobotSystem/UnderwaterRobotSystem/tools/supervisor/device_identification.py,python,3553,1145,6,0.0052,276,0,0
UnderwaterRobotSystem/UnderwaterRobotSystem/tools/supervisor/incident_bundle.py,python,1967,615,7,0.0113,144,0,0
UnderwaterRobotSystem/UnderwaterRobotSystem/tools/supervisor/device_profiles.py,python,862,406,7,0.0169,32,0,0
UnderwaterRobotSystem/UnderwaterRobotSystem/tools/supervisor/__init__.py,python,0,0,1,1.0,0,0,0
UnderwaterRobotSystem/UnderwaterRobotSystem/tools/supervisor/tests/test_phase0_supervisor.py,python,1181,405,0,0.0,72,0,0
UnderwaterRobotSystem/UnderwaterRobotSystem/tools/supervisor/tests/test_bundle_archive.py,python,128,72,0,0.0,7,0,0
UnderwaterRobotSystem/UnderwaterRobotSystem/tools/supervisor/tests/test_device_identification.py,python,709,237,0,0.0,34,0,0
UnderwaterRobotSystem/UnderwaterRobotSystem/tools/quality/git_hotspots.py,python,85,29,5,0.1471,7,0,0
UnderwaterRobotSystem/UnderwaterRobotSystem/tools/quality/metrics_complexity.py,python,351,135,16,0.106,27,0,0
UnderwaterRobotSystem/UnderwaterRobotSystem/tools/quality/deps_includes.py,python,1220,70,16,0.186,20,50,6
UnderwaterRobotSystem/UnderwaterRobotSystem/tools/quality/report_md.py,python,815,447,46,0.0933,46,0,0
UnderwaterRobotSystem/UnderwaterRobotSystem/tools/quality/__init__.py,python,0,0,0,0.0,0,0,0
UnderwaterRobotSystem/UnderwaterRobotSystem/tools/quality/metrics_loc.py,python,315,107,17,0.1371,26,0,0
UnderwaterRobotSystem/UnderwaterRobotSystem/tools/quality/audit.py,python,3863,204,35,0.1464,8,229,4
UnderwaterRobotSystem/UnderwaterRobotSystem/tools/quality/cmake_audit.py,python,0,0,0,0.0,0,0,0
UnderwaterRobotSystem/UnderwaterRobotSystem/tools/quality/common.py,python,339,115,4,0.0336,28,0,0
UnderwaterRobotSystem/UnderwaterRobotSystem/tools/quality/risk_scan.py,python,143,71,2,0.0274,9,0,0
UnderwaterRobotSystem/UnderwaterRobotSystem/offline_nav/apps/tools/imu_diag_demo.py,python,1544,408,80,0.1639,142,0,0
UnderwaterRobotSystem/UnderwaterRobotSystem/offline_nav/apps/tools/dvl_diag_demo.py,python,5740,255,71,0.2178,70,323,2
UnderwaterRobotSystem/UnderwaterRobotSystem/offline_nav/apps/diagnose/eskf_check.py,python,1036,340,65,0.1605,87,0,0
UnderwaterRobotSystem/UnderwaterRobotSystem/offline_nav/apps/diagnose/eskf_adult.py,python,968,376,101,0.2117,74,0,0
UnderwaterRobotSystem/UnderwaterRobotSystem/offline_nav/scripts/diag_eskf2d_focus.py,python,1204,428,74,0.1474,97,0,0
UnderwaterRobotSystem/UnderwaterRobotSystem/offline_nav/scripts/make_traj_gif.py,python,116,44,6,0.12,9,0,0
UnderwaterRobotSystem/UnderwaterRobotSystem/offline_nav/src/nav/frames.py,python,9,9,12,0.5714,0,0,0
UnderwaterRobotSystem/UnderwaterRobotSystem/offline_nav/src/offnav/cli_proc.py,python,1152,528,78,0.1287,78,0,0
UnderwaterRobotSystem/UnderwaterRobotSystem/offline_nav/src/offnav/cli_dvl.py,python,927,311,56,0.1526,77,0,0
UnderwaterRobotSystem/UnderwaterRobotSystem/offline_nav/src/offnav/dev_imu_gravity_check.py,python,433,87,20,0.1869,12,14,1
UnderwaterRobotSystem/UnderwaterRobotSystem/offline_nav/src/offnav/paths.py,python,68,28,1,0.0345,5,0,0
UnderwaterRobotSystem/UnderwaterRobotSystem/offline_nav/src/offnav/cli_nav.py,python,817,385,91,0.1912,54,0,0
UnderwaterRobotSystem/UnderwaterRobotSystem/offline_nav/src/offnav/__init__.py,python,0,0,0,0.0,0,0,0
UnderwaterRobotSystem/UnderwaterRobotSystem/offline_nav/src/offnav/cli_raw.py,python,3472,177,29,0.1408,30,193,4
UnderwaterRobotSystem/UnderwaterRobotSystem/offline_nav/src/offnav/models/eskf_state.py,python,2047,378,128,0.253,23,91,3
UnderwaterRobotSystem/UnderwaterRobotSystem/offline_nav/src/offnav/models/__init__.py,python,0,0,0,0.0,0,0,0
UnderwaterRobotSystem/UnderwaterRobotSystem/offline_nav/src/offnav/models/attitude.py,python,1273,256,101,0.2829,29,47,2
UnderwaterRobotSystem/UnderwaterRobotSystem/offline_nav/src/offnav/models/eskf_core.py,python,601,337,140,0.2935,33,0,0
UnderwaterRobotSystem/UnderwaterRobotSystem/offline_nav/src/offnav/graph/factors.py,python,447,303,116,0.2768,18,0,0
UnderwaterRobotSystem/UnderwaterRobotSystem/offline_nav/src/offnav/graph/states.py,python,145,97,134,0.5801,6,0,0
UnderwaterRobotSystem/UnderwaterRobotSystem/offline_nav/src/offnav/graph/smoothing.py,python,308,148,82,0.3565,20,0,0
UnderwaterRobotSystem/UnderwaterRobotSystem/offline_nav/src/offnav/core/__init__.py,python,0,0,0,0.0,0,0,0
UnderwaterRobotSystem/UnderwaterRobotSystem/offline_nav/src/offnav/core/types.py,python,167,111,66,0.3729,7,0,0
UnderwaterRobotSystem/UnderwaterRobotSystem/offline_nav/src/offnav/core/nav_config.py,python,745,465,73,0.1357,35,0,0
UnderwaterRobotSystem/UnderwaterRobotSystem/offline_nav/src/offnav/io/imu_csv.py,python,63,31,13,0.2955,4,0,0
UnderwaterRobotSystem/UnderwaterRobotSystem/offline_nav/src/offnav/io/dvl_csv.py,python,60,28,1,0.0345,4,0,0
UnderwaterRobotSystem/UnderwaterRobotSystem/offline_nav/src/offnav/io/trajectory_io.py,python,116,60,9,0.1304,7,0,0
UnderwaterRobotSystem/UnderwaterRobotSystem/offline_nav/src/offnav/io/dataset.py,python,1607,86,5,0.0549,12,87,3
UnderwaterRobotSystem/UnderwaterRobotSystem/offline_nav/src/offnav/io/__init__.py,python,0,0,0,0.0,0,0,0
UnderwaterRobotSystem/UnderwaterRobotSystem/offline_nav/src/offnav/preprocess/imu_processing.py,python,1124,316,74,0.1897,101,0,0
UnderwaterRobotSystem/UnderwaterRobotSystem/offline_nav/src/offnav/preprocess/__init__.py,python,56,40,16,0.2857,2,0,0
UnderwaterRobotSystem/UnderwaterRobotSystem/offline_nav/src/offnav/preprocess/dvl_processing.py,python,910,262,70,0.2108,81,0,0
UnderwaterRobotSystem/UnderwaterRobotSystem/offline_nav/src/offnav/preprocess/diagnostics/report.py,python,201,73,1,0.0135,16,0,0
UnderwaterRobotSystem/UnderwaterRobotSystem/offline_nav/src/offnav/preprocess/diagnostics/dvl_diag.py,python,819,323,45,0.1223,62,0,0
UnderwaterRobotSystem/UnderwaterRobotSystem/offline_nav/src/offnav/preprocess/diagnostics/__init__.py,python,0,0,0,0.0,0,0,0
UnderwaterRobotSystem/UnderwaterRobotSystem/offline_nav/src/offnav/preprocess/diagnostics/types.py,python,81,65,6,0.0845,2,0,0
UnderwaterRobotSystem/UnderwaterRobotSystem/offline_nav/src/offnav/preprocess/diagnostics/imu_diag.py,python,448,160,21,0.116,36,0,0
UnderwaterRobotSystem/UnderwaterRobotSystem/offline_nav/src/offnav/algo/graph_runner.py,python,1009,473,88,0.1569,67,0,0
UnderwaterRobotSystem/UnderwaterRobotSystem/offline_nav/src/offnav/algo/eskf_common.py,python,320,104,45,0.302,27,0,0
UnderwaterRobotSystem/UnderwaterRobotSystem/offline_nav/src/offnav/algo/eskf_measurements.py,python,322,170,61,0.2641,19,0,0
UnderwaterRobotSystem/UnderwaterRobotSystem/offline_nav/src/offnav/algo/eskf_engine.py,python,1357,709,115,0.1396,81,0,0
UnderwaterRobotSystem/UnderwaterRobotSystem/offline_nav/src/offnav/algo/eskf_runner.py,python,12,12,9,0.4286,0,0,0
UnderwaterRobotSystem/UnderwaterRobotSystem/offline_nav/src/offnav/algo/event_timeline.py,python,838,318,52,0.1405,65,0,0
UnderwaterRobotSystem/UnderwaterRobotSystem/offline_nav/src/offnav/algo/__init__.py,python,18,18,6,0.25,0,0,0
UnderwaterRobotSystem/UnderwaterRobotSystem/offline_nav/src/offnav/algo/eskf_timeline.py,python,251,99,45,0.3125,19,0,0
UnderwaterRobotSystem/UnderwaterRobotSystem/offline_nav/src/offnav/algo/deadreckon.py,python,1463,551,127,0.1873,114,0,0
UnderwaterRobotSystem/UnderwaterRobotSystem/offline_nav/src/offnav/algo/eskf_local.py,python,138,82,43,0.344,7,0,0
UnderwaterRobotSystem/UnderwaterRobotSystem/offline_nav/src/offnav/algo/eskf_audit.py,python,952,328,54,0.1414,78,0,0
UnderwaterRobotSystem/UnderwaterRobotSystem/offline_nav/src/offnav/viz/traj_basic.py,python,548,332,91,0.2151,27,0,0
UnderwaterRobotSystem/UnderwaterRobotSystem/offline_nav/src/offnav/viz/style.py,python,181,125,36,0.2236,7,0,0
UnderwaterRobotSystem/UnderwaterRobotSystem/offline_nav/src/offnav/viz/yaw_dvl_inspect.py,python,391,183,72,0.2824,26,0,0
UnderwaterRobotSystem/UnderwaterRobotSystem/offline_nav/src/offnav/viz/raw_dvl.py,python,178,82,14,0.1458,12,0,0
UnderwaterRobotSystem/UnderwaterRobotSystem/offline_nav/src/offnav/viz/dvl_imu_frame_check.py,python,612,316,107,0.253,37,0,0
UnderwaterRobotSystem/UnderwaterRobotSystem/offline_nav/src/offnav/viz/plots.py,python,14168,646,194,0.231,89,830,9
UnderwaterRobotSystem/UnderwaterRobotSystem/offline_nav/src/offnav/viz/raw_imu.py,python,339,187,41,0.1798,19,0,0
UnderwaterRobotSystem/UnderwaterRobotSystem/offline_nav/src/offnav/viz/dvl_processed.py,python,201,105,23,0.1797,12,0,0
UnderwaterRobotSystem/UnderwaterRobotSystem/offline_nav/src/offnav/viz/__init__.py,python,8,8,0,0.0,0,0,0
UnderwaterRobotSystem/UnderwaterRobotSystem/offline_nav/src/offnav/viz/imu_dvl_segment_inspect.py,python,288,176,45,0.2036,14,0,0
UnderwaterRobotSystem/UnderwaterRobotSystem/offline_nav/src/offnav/viz/eskf_frame_check.py,python,565,285,66,0.188,35,0,0
UnderwaterRobotSystem/UnderwaterRobotSystem/offline_nav/src/offnav/viz/imu_processed.py,python,573,213,66,0.2366,45,0,0
UnderwaterRobotSystem/UnderwaterRobotSystem/offline_nav/src/offnav/eskf/config.py,python,68,52,48,0.48,2,0,0
UnderwaterRobotSystem/UnderwaterRobotSystem/offline_nav/src/offnav/eskf/cli_eskf.py,python,156,60,9,0.1304,12,0,0
UnderwaterRobotSystem/UnderwaterRobotSystem/offline_nav/src/offnav/eskf/metrics.py,python,326,118,19,0.1387,26,0,0
UnderwaterRobotSystem/UnderwaterRobotSystem/offline_nav/src/offnav/eskf/math_utils.py,python,1606,44,25,0.3623,9,86,5
UnderwaterRobotSystem/UnderwaterRobotSystem/offline_nav/src/offnav/eskf/monitor.py,python,1072,352,80,0.1852,90,0,0
UnderwaterRobotSystem/UnderwaterRobotSystem/offline_nav/src/offnav/eskf/__init__.py,python,3,3,0,0.0,0,0,0
UnderwaterRobotSystem/UnderwaterRobotSystem/offline_nav/src/offnav/eskf/runner.py,python,608,312,67,0.1768,37,0,0
UnderwaterRobotSystem/UnderwaterRobotSystem/offline_nav/src/offnav/eskf/io_csv.py,python,328,152,22,0.1264,22,0,0
UnderwaterRobotSystem/UnderwaterRobotSystem/offline_nav/src/offnav/eskf/filter.py,python,876,420,78,0.1566,57,0,0
UnderwaterRobotSystem/UnderwaterRobotSystem/shared/CMakeLists.txt,cmake,7,7,0,0.0,0,0,0
UnderwaterRobotSystem/UnderwaterRobotSystem/shared/shm/nav_state_shm.hpp,cpp,126,46,29,0.3867,10,0,0
UnderwaterRobotSystem/UnderwaterRobotSystem/shared/shm/key_event_shm.hpp,cpp,62,38,8,0.1739,3,0,0
UnderwaterRobotSystem/UnderwaterRobotSystem/shared/shm/control_intent_shm.hpp,cpp,34,34,7,0.1707,0,0,0
UnderwaterRobotSystem/UnderwaterRobotSystem/shared/shm/nav_state_view_shm.hpp,cpp,113,41,24,0.3692,9,0,0
UnderwaterRobotSystem/UnderwaterRobotSystem/shared/shm/key_event_ring_shm.hpp,cpp,301,60,40,0.4,12,7,1
UnderwaterRobotSystem/UnderwaterRobotSystem/shared/shm/telemetry_frame_v2_shm.hpp,cpp,55,39,0,0.0,2,0,0
UnderwaterRobotSystem/UnderwaterRobotSystem/shared/msg/nav_state.hpp,cpp,324,120,58,0.3258,13,4,1
UnderwaterRobotSystem/UnderwaterRobotSystem/shared/msg/nav_state_view.hpp,cpp,95,47,17,0.2656,6,0,0
UnderwaterRobotSystem/UnderwaterRobotSystem/shared/msg/telemetry_frame_v2.hpp,cpp,805,252,0,0.0,6,15,2
UnderwaterRobotSystem/UnderwaterRobotSystem/shared/msg/key_event.hpp,cpp,72,32,2,0.0588,5,0,0
UnderwaterRobotSystem/UnderwaterRobotSystem/shared/msg/control_intent.hpp,cpp,403,98,6,0.0577,5,15,1
UnderwaterRobotSystem/shared/CMakeLists.txt,cmake,7,7,0,0.0,0,0,0
UnderwaterRobotSystem/shared/shm/nav_state_shm.hpp,cpp,126,46,29,0.3867,10,0,0
UnderwaterRobotSystem/shared/shm/key_event_shm.hpp,cpp,62,38,8,0.1739,3,0,0
UnderwaterRobotSystem/shared/shm/control_intent_shm.hpp,cpp,34,34,7,0.1707,0,0,0
UnderwaterRobotSystem/shared/shm/nav_state_view_shm.hpp,cpp,113,41,24,0.3692,9,0,0
UnderwaterRobotSystem/shared/shm/key_event_ring_shm.hpp,cpp,301,60,40,0.4,12,7,1
UnderwaterRobotSystem/shared/shm/telemetry_frame_v2_shm.hpp,cpp,55,39,0,0.0,2,0,0
UnderwaterRobotSystem/shared/msg/nav_state.hpp,cpp,324,120,58,0.3258,13,4,1
UnderwaterRobotSystem/shared/msg/nav_state_view.hpp,cpp,95,47,17,0.2656,6,0,0
UnderwaterRobotSystem/shared/msg/telemetry_frame_v2.hpp,cpp,805,252,0,0.0,6,15,2
UnderwaterRobotSystem/shared/msg/key_event.hpp,cpp,72,32,2,0.0588,5,0,0
UnderwaterRobotSystem/shared/msg/control_intent.hpp,cpp,403,98,6,0.0577,5,15,1
UnderwaterRobotSystem/OrangePi_STM32_for_ROV/CMakeLists.txt,cmake,195,75,0,0.0,15,0,0
UnderwaterRobotSystem/OrangePi_STM32_for_ROV/proto_gcs/CMakeLists.txt,cmake,32,16,0,0.0,2,0,0
UnderwaterRobotSystem/OrangePi_STM32_for_ROV/proto_gcs/src/crc32c.cpp,cpp,605,29,1,0.0333,7,24,4
UnderwaterRobotSystem/OrangePi_STM32_for_ROV/proto_gcs/include/proto_gcs/gcs_protocol.hpp,cpp,830,202,58,0.2231,31,20,2
UnderwaterRobotSystem/OrangePi_STM32_for_ROV/gateway/CMakeLists.txt,cmake,364,164,0,0.0,25,0,0
UnderwaterRobotSystem/OrangePi_STM32_for_ROV/gateway/apps/gcs_client.cpp,cpp,2220,303,58,0.1607,24,107,3
UnderwaterRobotSystem/OrangePi_STM32_for_ROV/gateway/apps/intent_dump.cpp,cpp,2146,268,34,0.1126,61,82,4
UnderwaterRobotSystem/OrangePi_STM32_for_ROV/gateway/apps/nav_viewd.cpp,cpp,5936,576,41,0.0665,90,296,5
UnderwaterRobotSystem/OrangePi_STM32_for_ROV/gateway/apps/telemetry_dump.cpp,cpp,1131,132,0,0.0,33,41,3
UnderwaterRobotSystem/OrangePi_STM32_for_ROV/gateway/apps/nav_view_dump.cpp,cpp,3248,383,36,0.0859,80,135,5
UnderwaterRobotSystem/OrangePi_STM32_for_ROV/gateway/apps/intentd.cpp,cpp,3360,198,18,0.0833,14,190,5
UnderwaterRobotSystem/OrangePi_STM32_for_ROV/gateway/apps/gcs_server.cpp,cpp,4063,197,33,0.1435,27,230,5
UnderwaterRobotSystem/OrangePi_STM32_for_ROV/gateway/apps/teleop_local.cpp,cpp,3257,313,35,0.1006,83,136,6
UnderwaterRobotSystem/OrangePi_STM32_for_ROV/gateway/tests/test_session.cpp,cpp,1763,373,42,0.1012,25,74,2
UnderwaterRobotSystem/OrangePi_STM32_for_ROV/gateway/tests/test_nav_view_builder.cpp,cpp,750,92,0,0.0,6,38,1
UnderwaterRobotSystem/OrangePi_STM32_for_ROV/gateway/tests/test_nav_view_policy.cpp,cpp,682,150,0,0.0,9,28,1
UnderwaterRobotSystem/OrangePi_STM32_for_ROV/gateway/tests/test_codec.cpp,cpp,826,130,2,0.0152,7,40,1
UnderwaterRobotSystem/OrangePi_STM32_for_ROV/gateway/src/intent_publisher_shm.cpp,cpp,1844,198,47,0.1918,27,90,2
UnderwaterRobotSystem/OrangePi_STM32_for_ROV/gateway/src/udp/udp_endpoint.cpp,cpp,982,135,0,0.0,29,33,3
UnderwaterRobotSystem/OrangePi_STM32_for_ROV/gateway/src/udp/udp_client.cpp,cpp,1071,92,10,0.098,23,45,3
UnderwaterRobotSystem/OrangePi_STM32_for_ROV/gateway/src/udp/udp_server.cpp,cpp,842,60,2,0.0323,19,34,3
UnderwaterRobotSystem/OrangePi_STM32_for_ROV/gateway/src/session/gcs_session.cpp,cpp,5743,408,27,0.0621,115,281,5
UnderwaterRobotSystem/OrangePi_STM32_for_ROV/gateway/src/IPC/intent_subscriber_shm.cpp,cpp,2163,237,24,0.092,57,90,3
UnderwaterRobotSystem/OrangePi_STM32_for_ROV/gateway/src/IPC/nav/nav_state_subscriber_shm.cpp,cpp,2178,237,26,0.0989,57,91,3
UnderwaterRobotSystem/OrangePi_STM32_for_ROV/gateway/src/IPC/nav/nav_view_policy.cpp,cpp,1006,79,0,0.0,9,49,3
UnderwaterRobotSystem/OrangePi_STM32_for_ROV/gateway/src/IPC/nav/nav_state_subscriber.cpp,cpp,1444,179,7,0.0376,30,63,2
UnderwaterRobotSystem/OrangePi_STM32_for_ROV/gateway/src/IPC/nav/nav_view_builder.cpp,cpp,1056,56,4,0.0667,5,56,3
UnderwaterRobotSystem/OrangePi_STM32_for_ROV/gateway/src/IPC/nav/nav_view_publisher_shm.cpp,cpp,1859,203,19,0.0856,32,88,2
UnderwaterRobotSystem/OrangePi_STM32_for_ROV/gateway/src/IPC/intent/intent_arbiter.cpp,cpp,4066,215,38,0.1502,62,213,4
UnderwaterRobotSystem/OrangePi_STM32_for_ROV/gateway/src/IPC/intent/intent_mux.cpp,cpp,1037,79,9,0.1023,11,50,3
UnderwaterRobotSystem/OrangePi_STM32_for_ROV/gateway/src/IPC/intent/intent_keyboard_source.cpp,cpp,4108,356,21,0.0557,89,192,4
UnderwaterRobotSystem/OrangePi_STM32_for_ROV/gateway/src/IPC/state/telemetry_frame_v2_subscriber_shm.cpp,cpp,1937,214,0,0.0,46,69,3
UnderwaterRobotSystem/OrangePi_STM32_for_ROV/gateway/src/IPC/keys/key_event_subscriber_shm.cpp,cpp,2332,321,19,0.0559,92,77,3
UnderwaterRobotSystem/OrangePi_STM32_for_ROV/gateway/src/IPC/keys/key_event_publisher_shm.cpp,cpp,2070,255,23,0.0827,45,89,3
UnderwaterRobotSystem/OrangePi_STM32_for_ROV/gateway/src/IPC/keys/keyboard_mapper.cpp,cpp,1814,87,24,0.2162,49,81,3
UnderwaterRobotSystem/OrangePi_STM32_for_ROV/gateway/include/gateway/version.hpp,cpp,190,50,29,0.3671,5,4,1
UnderwaterRobotSystem/OrangePi_STM32_for_ROV/gateway/include/gateway/bytes.hpp,cpp,135,19,0,0.0,2,4,1
UnderwaterRobotSystem/OrangePi_STM32_for_ROV/gateway/include/gateway/intent_publisher_shm.hpp,cpp,175,49,12,0.1967,12,2,0
UnderwaterRobotSystem/OrangePi_STM32_for_ROV/gateway/include/gateway/codec/packet_view.hpp,cpp,1069,98,32,0.2462,27,45,2
UnderwaterRobotSystem/OrangePi_STM32_for_ROV/gateway/include/gateway/codec/gcs_codec.hpp,cpp,1421,155,10,0.0606,27,62,3
UnderwaterRobotSystem/OrangePi_STM32_for_ROV/gateway/include/gateway/apps/gcs_client.hpp,cpp,184,37,151,0.8032,4,5,1
UnderwaterRobotSystem/OrangePi_STM32_for_ROV/gateway/include/gateway/apps/cli_args.hpp,cpp,0,0,0,0.0,0,0,0
UnderwaterRobotSystem/OrangePi_STM32_for_ROV/gateway/include/gateway/udp/udp_server.hpp,cpp,91,37,1,0.0263,3,2,0
UnderwaterRobotSystem/OrangePi_STM32_for_ROV/gateway/include/gateway/udp/udp_client.hpp,cpp,176,43,11,0.2037,6,3,1
UnderwaterRobotSystem/OrangePi_STM32_for_ROV/gateway/include/gateway/udp/udp_endpoint.hpp,cpp,120,34,6,0.15,7,2,0
UnderwaterRobotSystem/OrangePi_STM32_for_ROV/gateway/include/gateway/telemetry/status_telemetry_adapter.hpp,cpp,757,58,0,0.0,8,37,2
UnderwaterRobotSystem/OrangePi_STM32_for_ROV/gateway/include/gateway/session/gcs_session.hpp,cpp,239,73,27,0.27,17,2,0
UnderwaterRobotSystem/OrangePi_STM32_for_ROV/gateway/include/gateway/IPC/nav/nav_view_builder.hpp,cpp,37,13,13,0.5,3,0,0
UnderwaterRobotSystem/OrangePi_STM32_for_ROV/gateway/include/gateway/IPC/nav/nav_state_subscriber.hpp,cpp,220,47,60,0.5607,11,3,1
UnderwaterRobotSystem/OrangePi_STM32_for_ROV/gateway/include/gateway/IPC/nav/nav_state_subscriber_shm.hpp,cpp,199,57,19,0.25,14,2,0
UnderwaterRobotSystem/OrangePi_STM32_for_ROV/gateway/include/gateway/IPC/nav/nav_view_publisher_shm.hpp,cpp,184,50,8,0.1379,13,2,0
UnderwaterRobotSystem/OrangePi_STM32_for_ROV/gateway/include/gateway/IPC/nav/nav_view_policy.hpp,cpp,54,30,8,0.2105,3,0,0
UnderwaterRobotSystem/OrangePi_STM32_for_ROV/gateway/include/gateway/IPC/intent/intent_arbiter.hpp,cpp,464,98,38,0.2794,17,10,2
UnderwaterRobotSystem/OrangePi_STM32_for_ROV/gateway/include/gateway/IPC/intent/intent_mux.hpp,cpp,153,50,26,0.3421,11,1,0
UnderwaterRobotSystem/OrangePi_STM32_for_ROV/gateway/include/gateway/IPC/intent/intent_keyboard_source.hpp,cpp,247,65,74,0.5324,19,2,0
UnderwaterRobotSystem/OrangePi_STM32_for_ROV/gateway/include/gateway/IPC/intent/intent_subscriber_shm.hpp,cpp,230,56,47,0.4563,18,2,0
UnderwaterRobotSystem/OrangePi_STM32_for_ROV/gateway/include/gateway/IPC/state/telemetry_frame_v2_subscriber_shm.hpp,cpp,113,49,0,0.0,8,0,0
UnderwaterRobotSystem/OrangePi_STM32_for_ROV/gateway/include/gateway/IPC/keys/keyboard_mapper.hpp,cpp,71,47,65,0.5804,3,0,0
UnderwaterRobotSystem/OrangePi_STM32_for_ROV/gateway/include/gateway/IPC/keys/key_event_publisher_shm.hpp,cpp,287,49,25,0.3378,26,2,0
UnderwaterRobotSystem/OrangePi_STM32_for_ROV/gateway/include/gateway/IPC/keys/key_event_subscriber_shm.hpp,cpp,304,66,7,0.0959,26,2,0
UnderwaterRobotSystem/OrangePi_STM32_for_ROV/ros2_bridge/rov_state_bridge/setup.py,python,34,26,0,0.0,1,0,0
UnderwaterRobotSystem/OrangePi_STM32_for_ROV/ros2_bridge/rov_state_bridge/launch/stage1_preview.launch.py,python,34,34,0,0.0,0,0,0
UnderwaterRobotSystem/OrangePi_STM32_for_ROV/ros2_bridge/rov_state_bridge/tools/run_health_monitor_validation.py,python,61,45,3,0.0625,2,0,0
UnderwaterRobotSystem/OrangePi_STM32_for_ROV/ros2_bridge/rov_state_bridge/tools/run_sample_bridge_validation.py,python,155,107,7,0.0614,6,0,0
UnderwaterRobotSystem/OrangePi_STM32_for_ROV/ros2_bridge/rov_state_bridge/tools/run_ros2_graph_validation.py,python,556,220,0,0.0,17,0,0
UnderwaterRobotSystem/OrangePi_STM32_for_ROV/ros2_bridge/rov_state_bridge/tools/run_rosbag_validation.py,python,338,178,0,0.0,20,0,0
UnderwaterRobotSystem/OrangePi_STM32_for_ROV/ros2_bridge/rov_state_bridge/tests/test_bridge.py,python,1303,78,0,0.0,5,71,3
UnderwaterRobotSystem/OrangePi_STM32_for_ROV/ros2_bridge/rov_state_bridge/tests/test_health_monitor.py,python,101,85,0,0.0,2,0,0
UnderwaterRobotSystem/OrangePi_STM32_for_ROV/ros2_bridge/rov_state_bridge/tests/test_shm_reader.py,python,107,91,0,0.0,2,0,0
UnderwaterRobotSystem/OrangePi_STM32_for_ROV/ros2_bridge/rov_state_bridge/tests/test_layout_contracts.py,python,62,38,21,0.3559,3,0,0
UnderwaterRobotSystem/OrangePi_STM32_for_ROV/ros2_bridge/rov_state_bridge/tests/test_mapping.py,python,115,99,0,0.0,2,0,0
UnderwaterRobotSystem/OrangePi_STM32_for_ROV/ros2_bridge/rov_state_bridge/src/rov_state_bridge/ros2_health_node.py,python,161,65,5,0.0714,12,0,0
UnderwaterRobotSystem/OrangePi_STM32_for_ROV/ros2_bridge/rov_state_bridge/src/rov_state_bridge/health_monitor.py,python,350,142,13,0.0839,26,0,0
UnderwaterRobotSystem/OrangePi_STM32_for_ROV/ros2_bridge/rov_state_bridge/src/rov_state_bridge/shm_reader.py,python,332,140,21,0.1304,24,0,0
UnderwaterRobotSystem/OrangePi_STM32_for_ROV/ros2_bridge/rov_state_bridge/src/rov_state_bridge/layouts.py,python,429,221,5,0.0221,1,0,0
UnderwaterRobotSystem/OrangePi_STM32_for_ROV/ros2_bridge/rov_state_bridge/src/rov_state_bridge/mapping.py,python,270,174,7,0.0387,12,0,0
UnderwaterRobotSystem/OrangePi_STM32_for_ROV/ros2_bridge/rov_state_bridge/src/rov_state_bridge/publisher_backend.py,python,214,78,14,0.1522,17,0,0
UnderwaterRobotSystem/OrangePi_STM32_for_ROV/ros2_bridge/rov_state_bridge/src/rov_state_bridge/__init__.py,python,26,18,1,0.0526,1,0,0
UnderwaterRobotSystem/OrangePi_STM32_for_ROV/ros2_bridge/rov_state_bridge/src/rov_state_bridge/models.py,python,236,196,6,0.0297,5,0,0
UnderwaterRobotSystem/OrangePi_STM32_for_ROV/ros2_bridge/rov_state_bridge/src/rov_state_bridge/__main__.py,python,11,3,0,0.0,1,0,0
UnderwaterRobotSystem/OrangePi_STM32_for_ROV/ros2_bridge/rov_state_bridge/src/rov_state_bridge/constants.py,python,9,9,5,0.3571,0,0,0
UnderwaterRobotSystem/OrangePi_STM32_for_ROV/ros2_bridge/rov_state_bridge/src/rov_state_bridge/bridge.py,python,1369,139,17,0.109,10,66,4
UnderwaterRobotSystem/OrangePi_STM32_for_ROV/ros2_bridge/rov_state_bridge/src/rov_state_bridge/cli.py,python,1024,48,0,0.0,12,48,4
UnderwaterRobotSystem/OrangePi_STM32_for_ROV/ros2_bridge/rov_msgs/CMakeLists.txt,cmake,41,25,0,0.0,2,0,0
UnderwaterRobotSystem/OrangePi_STM32_for_ROV/pwm_control_program/CMakeLists.txt,cmake,1470,454,0,0.0,102,0,0
UnderwaterRobotSystem/OrangePi_STM32_for_ROV/pwm_control_program/tests/test_v1_closed_loop.cpp,cpp,2178,531,0,0.0,24,73,4
UnderwaterRobotSystem/OrangePi_STM32_for_ROV/pwm_control_program/tests/test_control_loop_logger.cpp,cpp,1181,103,0,0.0,11,58,3
UnderwaterRobotSystem/OrangePi_STM32_for_ROV/pwm_control_program/tests/test_nav_view_shm_source.cpp,cpp,930,159,0,0.0,7,45,1
UnderwaterRobotSystem/OrangePi_STM32_for_ROV/pwm_control_program/tests/test_pid_framework.cpp,cpp,2475,555,0,0.0,40,88,2
UnderwaterRobotSystem/OrangePi_STM32_for_ROV/pwm_control_program/tests/test_nav_reconnect_pipeline.cpp,cpp,2938,548,0,0.0,30,122,3
UnderwaterRobotSystem/OrangePi_STM32_for_ROV/pwm_control_program/tests/test_telemetry_timeline_logger.cpp,cpp,1609,133,0,0.0,12,84,3
UnderwaterRobotSystem/OrangePi_STM32_for_ROV/pwm_control_program/src/main.cpp,cpp,716,59,8,0.1194,9,31,3
UnderwaterRobotSystem/OrangePi_STM32_for_ROV/pwm_control_program/src/platform/pwm_client.cpp,cpp,2798,443,30,0.0634,70,109,4
UnderwaterRobotSystem/OrangePi_STM32_for_ROV/pwm_control_program/src/platform/timebase.cpp,cpp,800,66,29,0.3053,18,34,2
UnderwaterRobotSystem/OrangePi_STM32_for_ROV/pwm_control_program/src/control_core/app_context.cpp,cpp,6004,511,19,0.0358,71,307,3
UnderwaterRobotSystem/OrangePi_STM32_for_ROV/pwm_control_program/src/control_core/control_loop.cpp,cpp,290,17,7,0.2917,1,15,1
UnderwaterRobotSystem/OrangePi_STM32_for_ROV/pwm_control_program/src/control_core/telemetry_frame_builder.cpp,cpp,2944,206,3,0.0144,26,150,2
UnderwaterRobotSystem/OrangePi_STM32_for_ROV/pwm_control_program/src/control_core/control_guard.cpp,cpp,7341,536,34,0.0596,100,387,5
UnderwaterRobotSystem/OrangePi_STM32_for_ROV/pwm_control_program/src/control_core/app_main.cpp,cpp,2083,202,15,0.0691,37,95,4
UnderwaterRobotSystem/OrangePi_STM32_for_ROV/pwm_control_program/src/control_core/trajectory_tracking.cpp,cpp,1115,161,17,0.0955,8,54,2
UnderwaterRobotSystem/OrangePi_STM32_for_ROV/pwm_control_program/src/control_core/thruster_allocation.cpp,cpp,2738,310,44,0.1243,66,116,4
UnderwaterRobotSystem/OrangePi_STM32_for_ROV/pwm_control_program/src/control_core/loop/control_loop_log.cpp,cpp,191,52,13,0.2,3,5,1
UnderwaterRobotSystem/OrangePi_STM32_for_ROV/pwm_control_program/src/control_core/loop/control_loop_helpers.cpp,cpp,1022,96,56,0.3684,22,42,3
UnderwaterRobotSystem/OrangePi_STM32_for_ROV/pwm_control_program/src/control_core/loop/control_loop_nav.cpp,cpp,1039,91,21,0.1875,11,52,2
UnderwaterRobotSystem/OrangePi_STM32_for_ROV/pwm_control_program/src/control_core/loop/control_loop_run.cpp,cpp,14465,832,114,0.1205,106,839,5
UnderwaterRobotSystem/OrangePi_STM32_for_ROV/pwm_control_program/src/io/nav/nav_view_shm_source.cpp,cpp,1036,93,6,0.0606,11,49,3
UnderwaterRobotSystem/OrangePi_STM32_for_ROV/pwm_control_program/src/io/nav/nav_view_subscriber_shm.cpp,cpp,1572,238,26,0.0985,58,50,3
UnderwaterRobotSystem/OrangePi_STM32_for_ROV/pwm_control_program/src/io/log/pwm_logger.cpp,cpp,1037,163,18,0.0994,38,30,3
UnderwaterRobotSystem/OrangePi_STM32_for_ROV/pwm_control_program/src/io/log/control_loop_logger.cpp,cpp,1226,147,15,0.0926,18,57,2
UnderwaterRobotSystem/OrangePi_STM32_for_ROV/pwm_control_program/src/io/log/telemetry_timeline_logger.cpp,cpp,1018,194,0,0.0,18,40,2
UnderwaterRobotSystem/OrangePi_STM32_for_ROV/pwm_control_program/src/io/input/intent_subscriber_shm.cpp,cpp,1588,192,50,0.2066,57,52,4
UnderwaterRobotSystem/OrangePi_STM32_for_ROV/pwm_control_program/src/io/input/key_event_subscriber_shm.cpp,cpp,2548,291,27,0.0849,59,111,3
UnderwaterRobotSystem/OrangePi_STM32_for_ROV/pwm_control_program/src/io/input/control_intent_wire_codec.cpp,cpp,1788,139,48,0.2567,33,87,2
UnderwaterRobotSystem/OrangePi_STM32_for_ROV/pwm_control_program/src/io/input/multi_input_provider.cpp,cpp,1833,113,13,0.1032,20,96,3
UnderwaterRobotSystem/OrangePi_STM32_for_ROV/pwm_control_program/src/io/input/telemetry_frame.cpp,cpp,0,0,0,0.0,0,0,0
UnderwaterRobotSystem/OrangePi_STM32_for_ROV/pwm_control_program/src/io/input/control_intent_wire_adapter.cpp,cpp,438,25,7,0.2188,6,19,2
UnderwaterRobotSystem/OrangePi_STM32_for_ROV/pwm_control_program/src/io/input/teleop_input.cpp,cpp,1017,83,20,0.1942,13,50,2
UnderwaterRobotSystem/OrangePi_STM32_for_ROV/pwm_control_program/src/io/input/gcs_shm_input_provider.cpp,cpp,838,67,11,0.141,12,37,3
UnderwaterRobotSystem/OrangePi_STM32_for_ROV/pwm_control_program/src/io/teleop/teleop_keyboard.cpp,cpp,1448,277,67,0.1948,37,53,2
UnderwaterRobotSystem/OrangePi_STM32_for_ROV/pwm_control_program/src/io/state/telemetry_publisher_shm.cpp,cpp,1595,182,0,0.0,26,75,2
UnderwaterRobotSystem/OrangePi_STM32_for_ROV/pwm_control_program/src/utils/config_loader.cpp,cpp,1381,120,5,0.04,12,67,4
UnderwaterRobotSystem/OrangePi_STM32_for_ROV/pwm_control_program/src/utils/config_loader_trajectory.cpp,cpp,2280,119,1,0.0083,12,127,4
UnderwaterRobotSystem/OrangePi_STM32_for_ROV/pwm_control_program/src/utils/config_loader_pwm_client.cpp,cpp,2787,170,20,0.1053,49,135,5
UnderwaterRobotSystem/OrangePi_STM32_for_ROV/pwm_control_program/src/utils/config_loader_teleop_mixer.cpp,cpp,2128,89,31,0.2583,18,113,5
UnderwaterRobotSystem/OrangePi_STM32_for_ROV/pwm_control_program/src/utils/config_loader_alloc.cpp,cpp,2775,145,1,0.0068,30,146,5
UnderwaterRobotSystem/OrangePi_STM32_for_ROV/pwm_control_program/src/controllers/controller_manager.cpp,cpp,2104,300,51,0.1453,93,60,4
UnderwaterRobotSystem/OrangePi_STM32_for_ROV/pwm_control_program/src/controllers/manual_controller.cpp,cpp,1202,59,47,0.4434,6,65,3
UnderwaterRobotSystem/OrangePi_STM32_for_ROV/pwm_control_program/src/controllers/pid_controller.cpp,cpp,2028,306,0,0.0,59,62,3
UnderwaterRobotSystem/OrangePi_STM32_for_ROV/pwm_control_program/include/platform/timebase.hpp,cpp,225,51,58,0.5321,18,2,0
UnderwaterRobotSystem/OrangePi_STM32_for_ROV/pwm_control_program/include/platform/pwm_client.hpp,cpp,196,86,42,0.3281,10,2,0
UnderwaterRobotSystem/OrangePi_STM32_for_ROV/pwm_control_program/include/control_core/control_mode.hpp,cpp,751,89,33,0.2705,24,26,2
UnderwaterRobotSystem/OrangePi_STM32_for_ROV/pwm_control_program/include/control_core/app_context.hpp,cpp,81,49,43,0.4674,4,0,0
UnderwaterRobotSystem/OrangePi_STM32_for_ROV/pwm_control_program/include/control_core/control_guard.hpp,cpp,262,104,30,0.2239,16,2,0
UnderwaterRobotSystem/OrangePi_STM32_for_ROV/pwm_control_program/include/control_core/control_loop.hpp,cpp,244,102,157,0.6062,14,2,0
UnderwaterRobotSystem/OrangePi_STM32_for_ROV/pwm_control_program/include/control_core/app_main.hpp,cpp,52,29,106,0.7852,1,1,0
UnderwaterRobotSystem/OrangePi_STM32_for_ROV/pwm_control_program/include/control_core/thruster_allocation.hpp,cpp,113,58,133,0.6963,5,1,0
UnderwaterRobotSystem/OrangePi_STM32_for_ROV/pwm_control_program/include/control_core/telemetry_frame_builder.hpp,cpp,94,38,0,0.0,7,0,0
UnderwaterRobotSystem/OrangePi_STM32_for_ROV/pwm_control_program/include/control_core/teleop_mixer.hpp,cpp,950,66,16,0.1951,13,44,3
UnderwaterRobotSystem/OrangePi_STM32_for_ROV/pwm_control_program/include/control_core/trajectory_tracking.hpp,cpp,122,75,124,0.6231,4,1,0
UnderwaterRobotSystem/OrangePi_STM32_for_ROV/pwm_control_program/include/control_core/mode.hpp,cpp,108,46,38,0.4524,4,2,0
UnderwaterRobotSystem/OrangePi_STM32_for_ROV/pwm_control_program/include/control_core/control_types.hpp,cpp,110,102,32,0.2388,1,0,0
UnderwaterRobotSystem/OrangePi_STM32_for_ROV/pwm_control_program/include/control_core/control_intent.hpp,cpp,554,77,33,0.3,4,27,1
UnderwaterRobotSystem/OrangePi_STM32_for_ROV/pwm_control_program/include/io/control_mode.hpp,cpp,24,8,0,0.0,2,0,0
UnderwaterRobotSystem/OrangePi_STM32_for_ROV/pwm_control_program/include/io/nav/nav_view_subscriber_shm.hpp,cpp,234,52,20,0.2778,19,2,0
UnderwaterRobotSystem/OrangePi_STM32_for_ROV/pwm_control_program/include/io/nav/nav_state_view.hpp,cpp,113,27,19,0.413,7,2,0
UnderwaterRobotSystem/OrangePi_STM32_for_ROV/pwm_control_program/include/io/nav/nav_view_shm_source.hpp,cpp,91,35,15,0.3,7,0,0
UnderwaterRobotSystem/OrangePi_STM32_for_ROV/pwm_control_program/include/io/nav/nav_state_source.hpp,cpp,46,14,0,0.0,4,0,0
UnderwaterRobotSystem/OrangePi_STM32_for_ROV/pwm_control_program/include/io/log/pwm_logger.hpp,cpp,92,36,0,0.0,7,0,0
UnderwaterRobotSystem/OrangePi_STM32_for_ROV/pwm_control_program/include/io/log/control_loop_logger.hpp,cpp,96,64,90,0.5844,4,0,0
UnderwaterRobotSystem/OrangePi_STM32_for_ROV/pwm_control_program/include/io/log/telemetry_timeline_logger.hpp,cpp,44,20,17,0.4595,3,0,0
UnderwaterRobotSystem/OrangePi_STM32_for_ROV/pwm_control_program/include/io/input/control_intent_wire_adapter.hpp,cpp,26,10,10,0.5,2,0,0
UnderwaterRobotSystem/OrangePi_STM32_for_ROV/pwm_control_program/include/io/input/gcs_shm_input_provider.hpp,cpp,70,30,18,0.375,5,0,0
UnderwaterRobotSystem/OrangePi_STM32_for_ROV/pwm_control_program/include/io/input/control_intent_wire_codec.hpp,cpp,61,13,3,0.1875,6,0,0
UnderwaterRobotSystem/OrangePi_STM32_for_ROV/pwm_control_program/include/io/input/multi_input_provider.hpp,cpp,58,34,1,0.0286,3,0,0
UnderwaterRobotSystem/OrangePi_STM32_for_ROV/pwm_control_program/include/io/input/input_provider.hpp,cpp,531,36,40,0.5263,5,25,2
UnderwaterRobotSystem/OrangePi_STM32_for_ROV/pwm_control_program/include/io/input/intent_sink.hpp,cpp,27,11,0,0.0,2,0,0
UnderwaterRobotSystem/OrangePi_STM32_for_ROV/pwm_control_program/include/io/input/teleop_input.hpp,cpp,89,42,21,0.3333,4,1,0
UnderwaterRobotSystem/OrangePi_STM32_for_ROV/pwm_control_program/include/io/input/key_event_subscriber_shm.hpp,cpp,288,58,30,0.3409,25,2,0
UnderwaterRobotSystem/OrangePi_STM32_for_ROV/pwm_control_program/include/io/input/intent_subscriber_shm.hpp,cpp,328,61,3,0.0469,19,5,1
UnderwaterRobotSystem/OrangePi_STM32_for_ROV/pwm_control_program/include/io/teleop/teleop_keyboard.h,cpp,81,33,172,0.839,6,0,0
UnderwaterRobotSystem/OrangePi_STM32_for_ROV/pwm_control_program/include/io/gcs/gcs_session.hpp,cpp,24,8,6,0.4286,2,0,0
UnderwaterRobotSystem/OrangePi_STM32_for_ROV/pwm_control_program/include/io/gcs/telemetry_frame.hpp,cpp,528,53,16,0.2319,10,21,2
UnderwaterRobotSystem/OrangePi_STM32_for_ROV/pwm_control_program/include/io/state/telemetry_publisher_shm.hpp,cpp,165,47,0,0.0,11,2,0
UnderwaterRobotSystem/OrangePi_STM32_for_ROV/pwm_control_program/include/utils/config_loader.hpp,cpp,72,56,161,0.7419,2,0,0
UnderwaterRobotSystem/OrangePi_STM32_for_ROV/pwm_control_program/include/utils/detail/dof.hpp,cpp,335,25,1,0.0385,10,10,2
UnderwaterRobotSystem/OrangePi_STM32_for_ROV/pwm_control_program/include/utils/detail/trajectory_parsers.hpp,cpp,283,27,0,0.0,7,8,2
UnderwaterRobotSystem/OrangePi_STM32_for_ROV/pwm_control_program/include/utils/detail/yaml_helpers.hpp,cpp,586,42,1,0.0233,8,24,3
UnderwaterRobotSystem/OrangePi_STM32_for_ROV/pwm_control_program/include/utils/detail/config_log.hpp,cpp,327,26,0,0.0,7,11,2
UnderwaterRobotSystem/OrangePi_STM32_for_ROV/pwm_control_program/include/controllers/pid_controller.hpp,cpp,350,121,0,0.0,23,3,0
UnderwaterRobotSystem/OrangePi_STM32_for_ROV/pwm_control_program/include/controllers/controller_manager.hpp,cpp,434,120,228,0.6552,23,6,1
UnderwaterRobotSystem/OrangePi_STM32_for_ROV/pwm_control_program/include/controllers/controller_base.hpp,cpp,76,20,38,0.6552,7,0,0
UnderwaterRobotSystem/OrangePi_STM32_for_ROV/pwm_control_program/include/controllers/manual_controller.hpp,cpp,248,52,173,0.7689,12,4,1
UnderwaterRobotSystem/OrangePi_STM32_for_ROV/orangepi_send/CMakeLists.txt,cmake,139,67,0,0.0,9,0,0
UnderwaterRobotSystem/OrangePi_STM32_for_ROV/orangepi_send/src/UdpSender.cpp,cpp,1533,239,14,0.0553,38,58,3
UnderwaterRobotSystem/OrangePi_STM32_for_ROV/orangepi_send/src/libpwm_host.c,cpp,2194,372,61,0.1409,84,66,4
UnderwaterRobotSystem/OrangePi_STM32_for_ROV/orangepi_send/src/pwm_control.c,cpp,2506,457,168,0.2688,103,71,4
UnderwaterRobotSystem/OrangePi_STM32_for_ROV/orangepi_send/src/PwmFrameBuilder.cpp,cpp,1147,192,21,0.0986,25,45,2
UnderwaterRobotSystem/OrangePi_STM32_for_ROV/orangepi_send/src/crc16_ccitt.cpp,cpp,272,49,2,0.0392,1,9,2
UnderwaterRobotSystem/OrangePi_STM32_for_ROV/orangepi_send/src/protocol_pack.c,cpp,708,73,7,0.0875,10,29,3
UnderwaterRobotSystem/OrangePi_STM32_for_ROV/orangepi_send/src/main.cpp,cpp,2581,174,19,0.0984,19,137,5
UnderwaterRobotSystem/OrangePi_STM32_for_ROV/orangepi_send/include/libpwm_host.h,cpp,126,46,152,0.7677,10,0,0
UnderwaterRobotSystem/OrangePi_STM32_for_ROV/orangepi_send/include/UdpSender.h,cpp,61,37,29,0.4394,3,0,0
UnderwaterRobotSystem/OrangePi_STM32_for_ROV/orangepi_send/include/crc16_ccitt.h,cpp,130,29,5,0.1471,2,3,1
UnderwaterRobotSystem/OrangePi_STM32_for_ROV/orangepi_send/include/pwm_control.h,cpp,225,54,281,0.8388,7,5,1
UnderwaterRobotSystem/OrangePi_STM32_for_ROV/orangepi_send/include/protocol_pack.hpp,cpp,168,23,0,0.0,0,7,1
UnderwaterRobotSystem/OrangePi_STM32_for_ROV/orangepi_send/include/PwmFrameBuilder.h,cpp,469,78,105,0.5738,7,17,2
UnderwaterRobotSystem/OrangePi_STM32_for_ROV/orangepi_send/include/protocol_pack.h,cpp,50,18,5,0.2174,4,0,0
UnderWaterRobotGCS/tests/test_ros2_mirror_adapter.py,python,1455,81,0,0.0,3,82,3
UnderWaterRobotGCS/tests/test_telemetry_viewmodels.py,python,159,119,0,0.0,5,0,0
UnderWaterRobotGCS/tests/test_gui_overview_presenter.py,python,214,174,0,0.0,5,0,0
UnderWaterRobotGCS/tests/test_keyboard_mapper.py,python,36,20,0,0.0,2,0,0
UnderWaterRobotGCS/tests/test_tui_view.py,python,81,57,0,0.0,3,0,0
UnderWaterRobotGCS/tests/test_codec.py,python,83,67,0,0.0,2,0,0
UnderWaterRobotGCS/tests/test_safety_ttl.py,python,0,0,0,0.0,0,0,0
UnderWaterRobotGCS/tests/test_ros2_mirror_source.py,python,839,64,0,0.0,5,41,3
UnderWaterRobotGCS/tests/test_transport_udp.py,python,0,0,0,0.0,0,0,0
UnderWaterRobotGCS/tests/test_nav_diagnostics.py,python,49,33,0,0.0,2,0,0
UnderWaterRobotGCS/tests/test_service_state.py,python,34,18,0,0.0,2,0,0
UnderWaterRobotGCS/tests/test_gui_env.py,python,32,24,0,0.0,1,0,0
UnderWaterRobotGCS/src/urogcs/__init__.py,python,0,0,0,0.0,0,0,0
UnderWaterRobotGCS/src/urogcs/telemetry/ui_viewmodels.py,python,570,210,5,0.0233,20,0,0
UnderWaterRobotGCS/src/urogcs/telemetry/ros2_mirror_adapter.py,python,215,87,10,0.1031,16,0,0
UnderWaterRobotGCS/src/urogcs/telemetry/ros2_mirror_source.py,python,209,129,5,0.0373,10,0,0
UnderWaterRobotGCS/src/urogcs/telemetry/alarms.py,python,270,142,18,0.1125,16,0,0
UnderWaterRobotGCS/src/urogcs/telemetry/model.py,python,215,87,6,0.0645,16,0,0
UnderWaterRobotGCS/src/urogcs/tools/__init__.py,python,0,0,0,0.0,0,0,0
UnderWaterRobotGCS/src/urogcs/tools/intent_watch.py,python,121,81,12,0.129,5,0,0
UnderWaterRobotGCS/src/urogcs/tools/replay.py,python,185,81,1,0.0122,13,0,0
UnderWaterRobotGCS/src/urogcs/tools/preflight_check.py,python,251,91,1,0.0109,20,0,0
UnderWaterRobotGCS/src/urogcs/tools/pcap_export.py,python,172,116,8,0.0645,7,0,0
UnderWaterRobotGCS/src/urogcs/transport/tcp_link.py,python,0,0,0,0.0,0,0,0
UnderWaterRobotGCS/src/urogcs/transport/udp_link.py,python,286,110,25,0.1852,22,0,0
UnderWaterRobotGCS/src/urogcs/transport/recorder.py,python,697,65,12,0.1558,14,24,4
UnderWaterRobotGCS/src/urogcs/app/gui_main.py,python,143,55,2,0.0351,11,0,0
UnderWaterRobotGCS/src/urogcs/app/cli_main.py,python,0,0,0,0.0,0,0,0
UnderWaterRobotGCS/src/urogcs/app/__init__.py,python,0,0,0,0.0,0,0,0
UnderWaterRobotGCS/src/urogcs/app/tui/tui_loop.py,python,5529,257,64,0.1994,39,312,7
UnderWaterRobotGCS/src/urogcs/app/tui/tui_env.py,python,49,41,23,0.3594,1,0,0
UnderWaterRobotGCS/src/urogcs/app/tui/tui_keys.py,python,371,115,77,0.401,32,0,0
UnderWaterRobotGCS/src/urogcs/app/tui/tui_main.py,python,42,18,1,0.0526,3,0,0
UnderWaterRobotGCS/src/urogcs/app/tui/__init__.py,python,0,0,0,0.0,0,0,0
UnderWaterRobotGCS/src/urogcs/app/tui/tui_view.py,python,994,346,26,0.0699,81,0,0
UnderWaterRobotGCS/src/urogcs/app/gui/gui_env.py,python,37,37,8,0.1778,0,0,0
UnderWaterRobotGCS/src/urogcs/app/gui/overview_presenter.py,python,1060,340,0,0.0,65,0,0
UnderWaterRobotGCS/src/urogcs/app/gui/main_window.py,python,520,312,64,0.1702,26,0,0
UnderWaterRobotGCS/src/urogcs/app/gui/__init__.py,python,1,1,0,0.0,0,0,0
UnderWaterRobotGCS/src/urogcs/protocol/wire.py,python,168,112,41,0.268,7,0,0
UnderWaterRobotGCS/src/urogcs/protocol/compat.py,python,0,0,0,0.0,0,0,0
UnderWaterRobotGCS/src/urogcs/protocol/codec.py,python,513,313,54,0.1471,25,0,0
UnderWaterRobotGCS/src/urogcs/protocol/messages.py,python,540,204,4,0.0192,17,0,0
UnderWaterRobotGCS/src/urogcs/protocol/__init__.py,python,0,0,0,0.0,0,0,0
UnderWaterRobotGCS/src/urogcs/protocol/crc32c.py,python,80,24,3,0.1111,7,0,0
UnderWaterRobotGCS/src/urogcs/core/config.py,python,0,0,0,0.0,0,0,0
UnderWaterRobotGCS/src/urogcs/core/service.py,python,491,251,139,0.3564,30,0,0
UnderWaterRobotGCS/src/urogcs/core/models.py,python,0,0,0,0.0,0,0,0
UnderWaterRobotGCS/src/urogcs/control/gamepad_mapper.py,python,0,0,0,0.0,0,0,0
UnderWaterRobotGCS/src/urogcs/control/keyboard_mapper.py,python,367,111,70,0.3867,32,0,0
UnderWaterRobotGCS/src/urogcs/control/safety.py,python,159,55,12,0.1791,13,0,0
UnderWaterRobotGCS/src/urogcs/session/session_client.py,python,1037,493,151,0.2345,68,0,0
2026-01-26/plot_dvl_trajs.py,python,154,90,6,0.0625,8,0,0
2026-01-26/dvl_traj_build.py,python,283,139,20,0.1258,18,0,0
