rel_path,lang,risk_hits_score,todo,danger_c_funcs,danger_cpp_patterns,danger_py_patterns,control_keywords
tools/project_size_report.py,python,0,0,0,0,0,0
tools/quality/git_hotspots.py,python,12,0,0,0,2,0
tools/quality/metrics_complexity.py,python,0,0,0,0,0,0
tools/quality/deps_includes.py,python,10,2,0,0,0,0
tools/quality/report_md.py,python,15,3,0,0,0,0
tools/quality/metrics_loc.py,python,5,1,0,0,0,0
tools/quality/audit.py,python,20,4,0,0,0,0
tools/quality/common.py,python,7,0,0,0,1,13
tools/quality/risk_scan.py,python,60,12,0,0,0,0
UnderwaterRobotSystem/CMakeLists.txt,cmake,0,0,0,0,0,0
UnderwaterRobotSystem/Underwater-robot-navigation/git_auto.py,python,12,0,0,0,2,0
UnderwaterRobotSystem/Underwater-robot-navigation/apps/tools/imu_xy_zero.py,python,0,0,0,0,0,0
UnderwaterRobotSystem/Underwater-robot-navigation/apps/tools/imu_baud_switch.py,python,0,0,0,0,0,0
UnderwaterRobotSystem/Underwater-robot-navigation/apps/tools/dvl_data_verifier.py,python,12,0,0,0,2,0
UnderwaterRobotSystem/Underwater-robot-navigation/apps/tools/tmux_telemetry_manager.py,python,18,0,0,0,3,0
UnderwaterRobotSystem/Underwater-robot-navigation/apps/tools/dvl_safety_probe.py,python,6,0,0,0,1,0
UnderwaterRobotSystem/Underwater-robot-navigation/apps/tools/multisensor_postproc.py,python,0,0,0,0,0,0
UnderwaterRobotSystem/Underwater-robot-navigation/apps/tools/volt32_data_verifier.py,python,36,0,0,0,6,0
UnderwaterRobotSystem/Underwater-robot-navigation/apps/tools/imu_data_verifier.py,python,30,0,0,0,5,0
UnderwaterRobotSystem/Underwater-robot-navigation/apps/acquire/imu_logger.py,python,36,0,0,0,6,0
UnderwaterRobotSystem/Underwater-robot-navigation/apps/acquire/sensor_capture_launcher.py,python,6,0,0,0,1,0
UnderwaterRobotSystem/Underwater-robot-navigation/apps/acquire/Volt32_logger.py,python,36,0,0,0,6,0
UnderwaterRobotSystem/Underwater-robot-navigation/apps/acquire/DVL_logger.py,python,48,0,0,0,8,0
UnderwaterRobotSystem/Underwater-robot-navigation/uwnav/io/channel_frames.py,python,0,0,0,0,0,0
UnderwaterRobotSystem/Underwater-robot-navigation/uwnav/io/acquisition_diagnostics.py,python,0,0,0,0,0,0
UnderwaterRobotSystem/Underwater-robot-navigation/uwnav/io/data_paths.py,python,0,0,0,0,0,0
UnderwaterRobotSystem/Underwater-robot-navigation/uwnav/io/timebase.py,python,0,0,0,0,0,0
UnderwaterRobotSystem/Underwater-robot-navigation/uwnav/drivers/imu/WitHighModbus/imu_xy_zero.py,python,0,0,0,0,0,0
UnderwaterRobotSystem/Underwater-robot-navigation/uwnav/drivers/imu/WitHighModbus/filters.py,python,0,0,0,0,0,0
UnderwaterRobotSystem/Underwater-robot-navigation/uwnav/drivers/imu/WitHighModbus/imu_baud_switch.py,python,0,0,0,0,0,0
UnderwaterRobotSystem/Underwater-robot-navigation/uwnav/drivers/imu/WitHighModbus/test.py,python,0,0,0,0,0,0
UnderwaterRobotSystem/Underwater-robot-navigation/uwnav/drivers/imu/WitHighModbus/serial_io_tools.py,python,0,0,0,0,0,0
UnderwaterRobotSystem/Underwater-robot-navigation/uwnav/drivers/imu/WitHighModbus/sensor1.py,python,0,0,0,0,0,0
UnderwaterRobotSystem/Underwater-robot-navigation/uwnav/drivers/imu/WitHighModbus/tool.py,python,0,0,0,0,0,0
UnderwaterRobotSystem/Underwater-robot-navigation/uwnav/drivers/imu/WitHighModbus/device_model.py,python,0,0,0,0,0,0
UnderwaterRobotSystem/Underwater-robot-navigation/uwnav/drivers/imu/WitHighModbus/Python-WitProtocol(输出经纬度2)-1661322549826/chs/WT901C485.py,python,0,0,0,0,0,0
UnderwaterRobotSystem/Underwater-robot-navigation/uwnav/drivers/imu/WitHighModbus/Python-WitProtocol(输出经纬度2)-1661322549826/chs/JY901S.py,python,0,0,0,0,0,0
UnderwaterRobotSystem/Underwater-robot-navigation/uwnav/drivers/imu/WitHighModbus/Python-WitProtocol(输出经纬度2)-1661322549826/chs/lib/device_model.py,python,1,0,0,0,0,2
UnderwaterRobotSystem/Underwater-robot-navigation/uwnav/drivers/imu/WitHighModbus/Python-WitProtocol(输出经纬度2)-1661322549826/chs/lib/protocol_resolver/interface/i_protocol_resolver.py,python,0,0,0,0,0,0
UnderwaterRobotSystem/Underwater-robot-navigation/uwnav/drivers/imu/WitHighModbus/Python-WitProtocol(输出经纬度2)-1661322549826/chs/lib/protocol_resolver/roles/wit_protocol_resolver.py,python,0,0,0,0,0,0
UnderwaterRobotSystem/Underwater-robot-navigation/uwnav/drivers/imu/WitHighModbus/Python-WitProtocol(输出经纬度2)-1661322549826/chs/lib/protocol_resolver/roles/protocol_485_resolver.py,python,0,0,0,0,0,0
UnderwaterRobotSystem/Underwater-robot-navigation/uwnav/drivers/imu/WitHighModbus/Python-WitProtocol(输出经纬度2)-1661322549826/chs/lib/data_processor/interface/i_data_processor.py,python,0,0,0,0,0,0
UnderwaterRobotSystem/Underwater-robot-navigation/uwnav/drivers/imu/WitHighModbus/Python-WitProtocol(输出经纬度2)-1661322549826/chs/lib/data_processor/roles/jy901s_dataProcessor.py,python,0,0,0,0,0,0
UnderwaterRobotSystem/Underwater-robot-navigation/uwnav/drivers/imu/WitHighModbus/Python-WitProtocol(输出经纬度2)-1661322549826/chs/lib/utils/byte_array_converter.py,python,0,0,0,0,0,0
UnderwaterRobotSystem/Underwater-robot-navigation/uwnav/drivers/dvl/hover_h1000/tcp_if.py,python,0,0,0,0,0,0
UnderwaterRobotSystem/Underwater-robot-navigation/uwnav/drivers/dvl/hover_h1000/protocol.py,python,48,0,0,0,8,0
UnderwaterRobotSystem/Underwater-robot-navigation/uwnav/drivers/dvl/hover_h1000/serial_if.py,python,0,0,0,0,0,0
UnderwaterRobotSystem/Underwater-robot-navigation/uwnav/drivers/dvl/hover_h1000/io.py,python,78,0,0,0,13,0
UnderwaterRobotSystem/Underwater-robot-navigation/uwnav/drivers/dvl/hover_h1000/command.py,python,0,0,0,0,0,0
UnderwaterRobotSystem/Underwater-robot-navigation/uwnav/sensors/dvl_hover_h1000.py,python,0,0,0,0,0,0
UnderwaterRobotSystem/Underwater-robot-navigation/uwnav/sensors/imu.py,python,48,0,0,0,8,0
UnderwaterRobotSystem/Underwater-robot-navigation/tests/test_channel_frames.py,python,0,0,0,0,0,0
UnderwaterRobotSystem/Underwater-robot-navigation/tests/test_acquisition_diagnostics.py,python,0,0,0,0,0,0
UnderwaterRobotSystem/Underwater-robot-navigation/tests/test_dvl_protocol.py,python,0,0,0,0,0,0
UnderwaterRobotSystem/Underwater-robot-navigation/tests/test_sensor_capture_launcher.py,python,0,0,0,0,0,0
UnderwaterRobotSystem/Underwater-robot-navigation/nav_core/CMakeLists.txt,cmake,0,0,0,0,0,0
UnderwaterRobotSystem/Underwater-robot-navigation/nav_core/tools/replay_compare.py,python,1,0,0,0,0,2
UnderwaterRobotSystem/Underwater-robot-navigation/nav_core/tools/merge_robot_timeline.py,python,1,0,0,0,0,15
UnderwaterRobotSystem/Underwater-robot-navigation/nav_core/tools/dump_nav_logs_csv.py,python,0,0,0,0,0,0
UnderwaterRobotSystem/Underwater-robot-navigation/nav_core/tools/parse_nav_timing.py,python,0,0,0,0,0,0
UnderwaterRobotSystem/Underwater-robot-navigation/nav_core/tools/usb_serial_snapshot.py,python,0,0,0,0,0,0
UnderwaterRobotSystem/Underwater-robot-navigation/nav_core/tools/tests/test_merge_robot_timeline.py,python,1,0,0,0,0,11
UnderwaterRobotSystem/Underwater-robot-navigation/nav_core/tools/tests/test_replay_compare.py,python,1,0,0,0,0,8
UnderwaterRobotSystem/Underwater-robot-navigation/nav_core/tools/tests/test_usb_serial_snapshot.py,python,0,0,0,0,0,0
UnderwaterRobotSystem/Underwater-robot-navigation/nav_core/tests/test_nav_diagnostic_fixture.cpp,cpp,6,0,0,1,0,0
UnderwaterRobotSystem/Underwater-robot-navigation/nav_core/tests/test_imu_port_selector.cpp,cpp,0,0,0,0,0,0
UnderwaterRobotSystem/Underwater-robot-navigation/nav_core/tests/test_serial_reconnect_integration.cpp,cpp,0,0,0,0,0,0
UnderwaterRobotSystem/Underwater-robot-navigation/nav_core/tests/test_nav_daemon_config.cpp,cpp,0,0,0,0,0,0
UnderwaterRobotSystem/Underwater-robot-navigation/nav_core/tests/test_sample_timing.cpp,cpp,0,0,0,0,0,0
UnderwaterRobotSystem/Underwater-robot-navigation/nav_core/tests/test_nav_health_monitor.cpp,cpp,0,0,0,0,0,0
UnderwaterRobotSystem/Underwater-robot-navigation/nav_core/tests/test_device_binding.cpp,cpp,0,0,0,0,0,0
UnderwaterRobotSystem/Underwater-robot-navigation/nav_core/tests/test_nav_runtime_status.cpp,cpp,0,0,0,0,0,0
UnderwaterRobotSystem/Underwater-robot-navigation/nav_core/tests/test_nav_state_replay.cpp,cpp,6,0,0,1,0,0
UnderwaterRobotSystem/Underwater-robot-navigation/nav_core/tests/test_imu_modbus_probe.cpp,cpp,0,0,0,0,0,0
UnderwaterRobotSystem/Underwater-robot-navigation/nav_core/tests/test_pty_utils.hpp,cpp,18,0,0,3,0,0
UnderwaterRobotSystem/Underwater-robot-navigation/nav_core/tests/test_imu_serial_diagnostics.cpp,cpp,6,0,0,1,0,0
UnderwaterRobotSystem/Underwater-robot-navigation/nav_core/src/nav_core/estimator/eskf_config_yaml.cpp,cpp,0,0,0,0,0,0
UnderwaterRobotSystem/Underwater-robot-navigation/nav_core/src/nav_core/estimator/eskf_propagate.cpp,cpp,0,0,0,0,0,0
UnderwaterRobotSystem/Underwater-robot-navigation/nav_core/src/nav_core/estimator/eskf_update_yaw.cpp,cpp,0,0,0,0,0,0
UnderwaterRobotSystem/Underwater-robot-navigation/nav_core/src/nav_core/estimator/nav_health_monitor.cpp,cpp,0,0,0,0,0,0
UnderwaterRobotSystem/Underwater-robot-navigation/nav_core/src/nav_core/estimator/eskf_core.cpp,cpp,0,0,0,0,0,0
UnderwaterRobotSystem/Underwater-robot-navigation/nav_core/src/nav_core/estimator/eskf_update_dvl.cpp,cpp,0,0,0,0,0,0
UnderwaterRobotSystem/Underwater-robot-navigation/nav_core/src/nav_core/estimator/graph_smoother_2d.cpp,cpp,0,0,0,0,0,0
UnderwaterRobotSystem/Underwater-robot-navigation/nav_core/src/nav_core/estimator/eskf.cpp,cpp,0,0,0,0,0,0
UnderwaterRobotSystem/Underwater-robot-navigation/nav_core/src/nav_core/estimator/online_estimator.cpp,cpp,0,0,0,0,0,0
UnderwaterRobotSystem/Underwater-robot-navigation/nav_core/src/nav_core/app/nav_daemon_dvl_pipeline.cpp,cpp,0,0,0,0,0,0
UnderwaterRobotSystem/Underwater-robot-navigation/nav_core/src/nav_core/app/nav_runtime_status.cpp,cpp,0,0,0,0,0,0
UnderwaterRobotSystem/Underwater-robot-navigation/nav_core/src/nav_core/app/nav_daemon_devices.cpp,cpp,0,0,0,0,0,0
UnderwaterRobotSystem/Underwater-robot-navigation/nav_core/src/nav_core/app/sample_timing.cpp,cpp,0,0,0,0,0,0
UnderwaterRobotSystem/Underwater-robot-navigation/nav_core/src/nav_core/app/nav_daemon_imu_pipeline.cpp,cpp,0,0,0,0,0,0
UnderwaterRobotSystem/Underwater-robot-navigation/nav_core/src/nav_core/app/nav_daemon_config.cpp,cpp,0,0,0,0,0,0
UnderwaterRobotSystem/Underwater-robot-navigation/nav_core/src/nav_core/app/imu_port_selector.cpp,cpp,0,0,0,0,0,0
UnderwaterRobotSystem/Underwater-robot-navigation/nav_core/src/nav_core/app/nav_state_replay.cpp,cpp,6,0,0,1,0,0
UnderwaterRobotSystem/Underwater-robot-navigation/nav_core/src/nav_core/app/nav_daemon.cpp,cpp,0,0,0,0,0,0
UnderwaterRobotSystem/Underwater-robot-navigation/nav_core/src/nav_core/app/nav_daemon_health_audit.cpp,cpp,0,0,0,0,0,0
UnderwaterRobotSystem/Underwater-robot-navigation/nav_core/src/nav_core/app/nav_daemon_loop_state.cpp,cpp,0,0,0,0,0,0
UnderwaterRobotSystem/Underwater-robot-navigation/nav_core/src/nav_core/app/nav_daemon_runner.cpp,cpp,1,0,0,0,0,1
UnderwaterRobotSystem/Underwater-robot-navigation/nav_core/src/nav_core/app/device_binding.cpp,cpp,0,0,0,0,0,0
UnderwaterRobotSystem/Underwater-robot-navigation/nav_core/src/nav_core/app/nav_daemon_publish.cpp,cpp,0,0,0,0,0,0
UnderwaterRobotSystem/Underwater-robot-navigation/nav_core/src/nav_core/app/nav_daemon_logging.cpp,cpp,12,0,0,2,0,0
UnderwaterRobotSystem/Underwater-robot-navigation/nav_core/src/nav_core/app/tools/imu_modbus_probe.cpp,cpp,6,0,0,1,0,0
UnderwaterRobotSystem/Underwater-robot-navigation/nav_core/src/nav_core/app/tools/DVL_selftest.cpp,cpp,0,0,0,0,0,0
UnderwaterRobotSystem/Underwater-robot-navigation/nav_core/src/nav_core/app/tools/nav_state_replay.cpp,cpp,0,0,0,0,0,0
UnderwaterRobotSystem/Underwater-robot-navigation/nav_core/src/nav_core/core/logging.cpp,cpp,0,0,0,0,0,0
UnderwaterRobotSystem/Underwater-robot-navigation/nav_core/src/nav_core/core/timebase.cpp,cpp,0,0,0,0,0,0
UnderwaterRobotSystem/Underwater-robot-navigation/nav_core/src/nav_core/io/nav_state_publisher.cpp,cpp,24,0,3,0,0,0
UnderwaterRobotSystem/Underwater-robot-navigation/nav_core/src/nav_core/io/bin_logger.cpp,cpp,0,0,0,0,0,0
UnderwaterRobotSystem/Underwater-robot-navigation/nav_core/src/nav_core/drivers/imu_modbus_probe.cpp,cpp,0,0,0,0,0,0
UnderwaterRobotSystem/Underwater-robot-navigation/nav_core/src/nav_core/drivers/serial_port_utils.cpp,cpp,0,0,0,0,0,0
UnderwaterRobotSystem/Underwater-robot-navigation/nav_core/src/nav_core/drivers/imu_serial_diagnostics.cpp,cpp,0,0,0,0,0,0
UnderwaterRobotSystem/Underwater-robot-navigation/nav_core/src/nav_core/drivers/dvl_protocol.cpp,cpp,0,0,0,0,0,0
UnderwaterRobotSystem/Underwater-robot-navigation/nav_core/src/nav_core/drivers/imu_driver_wit.cpp,cpp,5,1,0,0,0,0
UnderwaterRobotSystem/Underwater-robot-navigation/nav_core/src/nav_core/drivers/dvl_driver.cpp,cpp,0,0,0,0,0,0
UnderwaterRobotSystem/Underwater-robot-navigation/nav_core/src/nav_core/preprocess/dvl_rt_preprocessor.cpp,cpp,0,0,0,0,0,0
UnderwaterRobotSystem/Underwater-robot-navigation/nav_core/src/nav_core/preprocess/imu_rt_preprocessor.cpp,cpp,0,0,0,0,0,0
UnderwaterRobotSystem/Underwater-robot-navigation/nav_core/include/nav_core/estimator/graph_smoother_2d.hpp,cpp,0,0,0,0,0,0
UnderwaterRobotSystem/Underwater-robot-navigation/nav_core/include/nav_core/estimator/eskf.hpp,cpp,0,0,0,0,0,0
UnderwaterRobotSystem/Underwater-robot-navigation/nav_core/include/nav_core/estimator/eskf_math.hpp,cpp,0,0,0,0,0,0
UnderwaterRobotSystem/Underwater-robot-navigation/nav_core/include/nav_core/estimator/nav_health_monitor.hpp,cpp,1,0,0,0,0,1
UnderwaterRobotSystem/Underwater-robot-navigation/nav_core/include/nav_core/estimator/online_estimator.hpp,cpp,0,0,0,0,0,0
UnderwaterRobotSystem/Underwater-robot-navigation/nav_core/include/nav_core/estimator/eskf_config_yaml.hpp,cpp,0,0,0,0,0,0
UnderwaterRobotSystem/Underwater-robot-navigation/nav_core/include/nav_core/app/nav_daemon_health_audit.hpp,cpp,0,0,0,0,0,0
UnderwaterRobotSystem/Underwater-robot-navigation/nav_core/include/nav_core/app/nav_daemon_devices.hpp,cpp,0,0,0,0,0,0
UnderwaterRobotSystem/Underwater-robot-navigation/nav_core/include/nav_core/app/nav_daemon_config.hpp,cpp,0,0,0,0,0,0
UnderwaterRobotSystem/Underwater-robot-navigation/nav_core/include/nav_core/app/imu_port_selector.hpp,cpp,0,0,0,0,0,0
UnderwaterRobotSystem/Underwater-robot-navigation/nav_core/include/nav_core/app/nav_state_replay.hpp,cpp,0,0,0,0,0,0
UnderwaterRobotSystem/Underwater-robot-navigation/nav_core/include/nav_core/app/nav_daemon_dvl_pipeline.hpp,cpp,0,0,0,0,0,0
UnderwaterRobotSystem/Underwater-robot-navigation/nav_core/include/nav_core/app/nav_daemon_imu_pipeline.hpp,cpp,0,0,0,0,0,0
UnderwaterRobotSystem/Underwater-robot-navigation/nav_core/include/nav_core/app/nav_daemon_publish.hpp,cpp,0,0,0,0,0,0
UnderwaterRobotSystem/Underwater-robot-navigation/nav_core/include/nav_core/app/device_binding.hpp,cpp,0,0,0,0,0,0
UnderwaterRobotSystem/Underwater-robot-navigation/nav_core/include/nav_core/app/sample_timing.hpp,cpp,0,0,0,0,0,0
UnderwaterRobotSystem/Underwater-robot-navigation/nav_core/include/nav_core/app/nav_daemon_logging.hpp,cpp,0,0,0,0,0,0
UnderwaterRobotSystem/Underwater-robot-navigation/nav_core/include/nav_core/app/nav_daemon_loop_state.hpp,cpp,0,0,0,0,0,0
UnderwaterRobotSystem/Underwater-robot-navigation/nav_core/include/nav_core/app/nav_runtime_status.hpp,cpp,0,0,0,0,0,0
UnderwaterRobotSystem/Underwater-robot-navigation/nav_core/include/nav_core/core/types.hpp,cpp,0,0,0,0,0,0
UnderwaterRobotSystem/Underwater-robot-navigation/nav_core/include/nav_core/core/timebase.hpp,cpp,0,0,0,0,0,0
UnderwaterRobotSystem/Underwater-robot-navigation/nav_core/include/nav_core/core/status.hpp,cpp,0,0,0,0,0,0
UnderwaterRobotSystem/Underwater-robot-navigation/nav_core/include/nav_core/core/math.hpp,cpp,0,0,0,0,0,0
UnderwaterRobotSystem/Underwater-robot-navigation/nav_core/include/nav_core/core/logging.hpp,cpp,0,0,0,0,0,0
UnderwaterRobotSystem/Underwater-robot-navigation/nav_core/include/nav_core/io/bin_logger.hpp,cpp,12,0,0,2,0,0
UnderwaterRobotSystem/Underwater-robot-navigation/nav_core/include/nav_core/io/log_packets.hpp,cpp,0,0,0,0,0,0
UnderwaterRobotSystem/Underwater-robot-navigation/nav_core/include/nav_core/io/nav_state_publisher.hpp,cpp,12,0,0,2,0,0
UnderwaterRobotSystem/Underwater-robot-navigation/nav_core/include/nav_core/drivers/imu_serial_diagnostics.hpp,cpp,0,0,0,0,0,0
UnderwaterRobotSystem/Underwater-robot-navigation/nav_core/include/nav_core/drivers/imu_driver_wit.hpp,cpp,12,0,0,2,0,0
UnderwaterRobotSystem/Underwater-robot-navigation/nav_core/include/nav_core/drivers/dvl_driver.hpp,cpp,29,1,0,4,0,0
UnderwaterRobotSystem/Underwater-robot-navigation/nav_core/include/nav_core/drivers/serial_binding.hpp,cpp,0,0,0,0,0,0
UnderwaterRobotSystem/Underwater-robot-navigation/nav_core/include/nav_core/drivers/imu_modbus_probe.hpp,cpp,0,0,0,0,0,0
UnderwaterRobotSystem/Underwater-robot-navigation/nav_core/include/nav_core/drivers/dvl_protocol.hpp,cpp,0,0,0,0,0,0
UnderwaterRobotSystem/Underwater-robot-navigation/nav_core/include/nav_core/drivers/serial_port_utils.hpp,cpp,0,0,0,0,0,0
UnderwaterRobotSystem/Underwater-robot-navigation/nav_core/include/nav_core/filters/filter_common.hpp,cpp,0,0,0,0,0,0
UnderwaterRobotSystem/Underwater-robot-navigation/nav_core/include/nav_core/preprocess/dvl_rt_preprocessor.hpp,cpp,0,0,0,0,0,0
UnderwaterRobotSystem/Underwater-robot-navigation/nav_core/include/nav_core/preprocess/imu_rt_preprocessor.hpp,cpp,0,0,0,0,0,0
UnderwaterRobotSystem/UnderwaterRobotSystem/tools/__init__.py,python,0,0,0,0,0,0
UnderwaterRobotSystem/UnderwaterRobotSystem/tools/project_size_report.py,python,0,0,0,0,0,0
UnderwaterRobotSystem/UnderwaterRobotSystem/tools/supervisor/bundle_archive.py,python,0,0,0,0,0,0
UnderwaterRobotSystem/UnderwaterRobotSystem/tools/supervisor/phase0_supervisor.py,python,19,0,0,0,3,40
UnderwaterRobotSystem/UnderwaterRobotSystem/tools/supervisor/device_identification.py,python,18,0,0,0,3,0
UnderwaterRobotSystem/UnderwaterRobotSystem/tools/supervisor/incident_bundle.py,python,1,0,0,0,0,5
UnderwaterRobotSystem/UnderwaterRobotSystem/tools/supervisor/device_profiles.py,python,1,0,0,0,0,10
UnderwaterRobotSystem/UnderwaterRobotSystem/tools/supervisor/__init__.py,python,0,0,0,0,0,0
UnderwaterRobotSystem/UnderwaterRobotSystem/tools/supervisor/tests/test_phase0_supervisor.py,python,43,0,0,0,7,4
UnderwaterRobotSystem/UnderwaterRobotSystem/tools/supervisor/tests/test_bundle_archive.py,python,6,0,0,0,1,0
UnderwaterRobotSystem/UnderwaterRobotSystem/tools/supervisor/tests/test_device_identification.py,python,6,0,0,0,1,0
UnderwaterRobotSystem/UnderwaterRobotSystem/tools/quality/git_hotspots.py,python,6,0,0,0,1,0
UnderwaterRobotSystem/UnderwaterRobotSystem/tools/quality/metrics_complexity.py,python,0,0,0,0,0,0
UnderwaterRobotSystem/UnderwaterRobotSystem/tools/quality/deps_includes.py,python,10,2,0,0,0,0
UnderwaterRobotSystem/UnderwaterRobotSystem/tools/quality/report_md.py,python,71,14,0,0,0,4
UnderwaterRobotSystem/UnderwaterRobotSystem/tools/quality/metrics_loc.py,python,5,1,0,0,0,0
UnderwaterRobotSystem/UnderwaterRobotSystem/tools/quality/audit.py,python,20,4,0,0,0,0
UnderwaterRobotSystem/UnderwaterRobotSystem/tools/quality/common.py,python,7,0,0,0,1,13
UnderwaterRobotSystem/UnderwaterRobotSystem/tools/quality/risk_scan.py,python,60,12,0,0,0,0
UnderwaterRobotSystem/UnderwaterRobotSystem/offline_nav/apps/tools/imu_diag_demo.py,python,0,0,0,0,0,0
UnderwaterRobotSystem/UnderwaterRobotSystem/offline_nav/apps/tools/dvl_diag_demo.py,python,0,0,0,0,0,0
UnderwaterRobotSystem/UnderwaterRobotSystem/offline_nav/apps/diagnose/eskf_check.py,python,0,0,0,0,0,0
UnderwaterRobotSystem/UnderwaterRobotSystem/offline_nav/apps/diagnose/eskf_adult.py,python,0,0,0,0,0,0
UnderwaterRobotSystem/UnderwaterRobotSystem/offline_nav/scripts/diag_eskf2d_focus.py,python,0,0,0,0,0,0
UnderwaterRobotSystem/UnderwaterRobotSystem/offline_nav/scripts/make_traj_gif.py,python,0,0,0,0,0,0
UnderwaterRobotSystem/UnderwaterRobotSystem/offline_nav/src/nav/frames.py,python,0,0,0,0,0,0
UnderwaterRobotSystem/UnderwaterRobotSystem/offline_nav/src/offnav/cli_proc.py,python,6,0,0,0,1,0
UnderwaterRobotSystem/UnderwaterRobotSystem/offline_nav/src/offnav/cli_dvl.py,python,0,0,0,0,0,0
UnderwaterRobotSystem/UnderwaterRobotSystem/offline_nav/src/offnav/dev_imu_gravity_check.py,python,0,0,0,0,0,0
UnderwaterRobotSystem/UnderwaterRobotSystem/offline_nav/src/offnav/paths.py,python,0,0,0,0,0,0
UnderwaterRobotSystem/UnderwaterRobotSystem/offline_nav/src/offnav/cli_nav.py,python,6,0,0,0,1,0
UnderwaterRobotSystem/UnderwaterRobotSystem/offline_nav/src/offnav/cli_raw.py,python,6,0,0,0,1,0
UnderwaterRobotSystem/UnderwaterRobotSystem/offline_nav/src/offnav/models/eskf_state.py,python,12,0,0,0,2,0
UnderwaterRobotSystem/UnderwaterRobotSystem/offline_nav/src/offnav/models/attitude.py,python,0,0,0,0,0,0
UnderwaterRobotSystem/UnderwaterRobotSystem/offline_nav/src/offnav/models/eskf_core.py,python,6,0,0,0,1,0
UnderwaterRobotSystem/UnderwaterRobotSystem/offline_nav/src/offnav/graph/factors.py,python,0,0,0,0,0,0
UnderwaterRobotSystem/UnderwaterRobotSystem/offline_nav/src/offnav/graph/states.py,python,0,0,0,0,0,0
UnderwaterRobotSystem/UnderwaterRobotSystem/offline_nav/src/offnav/graph/smoothing.py,python,0,0,0,0,0,0
UnderwaterRobotSystem/UnderwaterRobotSystem/offline_nav/src/offnav/core/types.py,python,0,0,0,0,0,0
UnderwaterRobotSystem/UnderwaterRobotSystem/offline_nav/src/offnav/core/nav_config.py,python,0,0,0,0,0,0
UnderwaterRobotSystem/UnderwaterRobotSystem/offline_nav/src/offnav/io/imu_csv.py,python,0,0,0,0,0,0
UnderwaterRobotSystem/UnderwaterRobotSystem/offline_nav/src/offnav/io/dvl_csv.py,python,0,0,0,0,0,0
UnderwaterRobotSystem/UnderwaterRobotSystem/offline_nav/src/offnav/io/trajectory_io.py,python,0,0,0,0,0,0
UnderwaterRobotSystem/UnderwaterRobotSystem/offline_nav/src/offnav/io/dataset.py,python,0,0,0,0,0,0
UnderwaterRobotSystem/UnderwaterRobotSystem/offline_nav/src/offnav/preprocess/imu_processing.py,python,0,0,0,0,0,0
UnderwaterRobotSystem/UnderwaterRobotSystem/offline_nav/src/offnav/preprocess/__init__.py,python,6,0,0,0,1,0
UnderwaterRobotSystem/UnderwaterRobotSystem/offline_nav/src/offnav/preprocess/dvl_processing.py,python,0,0,0,0,0,0
UnderwaterRobotSystem/UnderwaterRobotSystem/offline_nav/src/offnav/preprocess/diagnostics/report.py,python,0,0,0,0,0,0
UnderwaterRobotSystem/UnderwaterRobotSystem/offline_nav/src/offnav/preprocess/diagnostics/dvl_diag.py,python,0,0,0,0,0,0
UnderwaterRobotSystem/UnderwaterRobotSystem/offline_nav/src/offnav/preprocess/diagnostics/types.py,python,0,0,0,0,0,0
UnderwaterRobotSystem/UnderwaterRobotSystem/offline_nav/src/offnav/preprocess/diagnostics/imu_diag.py,python,0,0,0,0,0,0
UnderwaterRobotSystem/UnderwaterRobotSystem/offline_nav/src/offnav/algo/graph_runner.py,python,0,0,0,0,0,0
UnderwaterRobotSystem/UnderwaterRobotSystem/offline_nav/src/offnav/algo/eskf_common.py,python,30,0,0,0,5,0
UnderwaterRobotSystem/UnderwaterRobotSystem/offline_nav/src/offnav/algo/eskf_measurements.py,python,24,0,0,0,4,0
UnderwaterRobotSystem/UnderwaterRobotSystem/offline_nav/src/offnav/algo/eskf_engine.py,python,24,0,0,0,4,0
UnderwaterRobotSystem/UnderwaterRobotSystem/offline_nav/src/offnav/algo/eskf_runner.py,python,0,0,0,0,0,0
UnderwaterRobotSystem/UnderwaterRobotSystem/offline_nav/src/offnav/algo/event_timeline.py,python,0,0,0,0,0,0
UnderwaterRobotSystem/UnderwaterRobotSystem/offline_nav/src/offnav/algo/__init__.py,python,0,0,0,0,0,0
UnderwaterRobotSystem/UnderwaterRobotSystem/offline_nav/src/offnav/algo/eskf_timeline.py,python,6,0,0,0,1,0
UnderwaterRobotSystem/UnderwaterRobotSystem/offline_nav/src/offnav/algo/deadreckon.py,python,0,0,0,0,0,0
UnderwaterRobotSystem/UnderwaterRobotSystem/offline_nav/src/offnav/algo/eskf_local.py,python,0,0,0,0,0,0
UnderwaterRobotSystem/UnderwaterRobotSystem/offline_nav/src/offnav/algo/eskf_audit.py,python,0,0,0,0,0,0
UnderwaterRobotSystem/UnderwaterRobotSystem/offline_nav/src/offnav/viz/traj_basic.py,python,0,0,0,0,0,0
UnderwaterRobotSystem/UnderwaterRobotSystem/offline_nav/src/offnav/viz/style.py,python,0,0,0,0,0,0
UnderwaterRobotSystem/UnderwaterRobotSystem/offline_nav/src/offnav/viz/yaw_dvl_inspect.py,python,0,0,0,0,0,0
UnderwaterRobotSystem/UnderwaterRobotSystem/offline_nav/src/offnav/viz/raw_dvl.py,python,0,0,0,0,0,0
UnderwaterRobotSystem/UnderwaterRobotSystem/offline_nav/src/offnav/viz/dvl_imu_frame_check.py,python,0,0,0,0,0,0
UnderwaterRobotSystem/UnderwaterRobotSystem/offline_nav/src/offnav/viz/plots.py,python,12,0,0,0,2,0
UnderwaterRobotSystem/UnderwaterRobotSystem/offline_nav/src/offnav/viz/raw_imu.py,python,0,0,0,0,0,0
UnderwaterRobotSystem/UnderwaterRobotSystem/offline_nav/src/offnav/viz/dvl_processed.py,python,0,0,0,0,0,0
UnderwaterRobotSystem/UnderwaterRobotSystem/offline_nav/src/offnav/viz/__init__.py,python,0,0,0,0,0,0
UnderwaterRobotSystem/UnderwaterRobotSystem/offline_nav/src/offnav/viz/imu_dvl_segment_inspect.py,python,0,0,0,0,0,0
UnderwaterRobotSystem/UnderwaterRobotSystem/offline_nav/src/offnav/viz/eskf_frame_check.py,python,0,0,0,0,0,0
UnderwaterRobotSystem/UnderwaterRobotSystem/offline_nav/src/offnav/viz/imu_processed.py,python,0,0,0,0,0,0
UnderwaterRobotSystem/UnderwaterRobotSystem/offline_nav/src/offnav/eskf/config.py,python,0,0,0,0,0,0
UnderwaterRobotSystem/UnderwaterRobotSystem/offline_nav/src/offnav/eskf/cli_eskf.py,python,0,0,0,0,0,0
UnderwaterRobotSystem/UnderwaterRobotSystem/offline_nav/src/offnav/eskf/metrics.py,python,0,0,0,0,0,0
UnderwaterRobotSystem/UnderwaterRobotSystem/offline_nav/src/offnav/eskf/math_utils.py,python,0,0,0,0,0,0
UnderwaterRobotSystem/UnderwaterRobotSystem/offline_nav/src/offnav/eskf/monitor.py,python,48,0,0,0,8,0
UnderwaterRobotSystem/UnderwaterRobotSystem/offline_nav/src/offnav/eskf/__init__.py,python,0,0,0,0,0,0
UnderwaterRobotSystem/UnderwaterRobotSystem/offline_nav/src/offnav/eskf/runner.py,python,6,0,0,0,1,0
UnderwaterRobotSystem/UnderwaterRobotSystem/offline_nav/src/offnav/eskf/io_csv.py,python,0,0,0,0,0,0
UnderwaterRobotSystem/UnderwaterRobotSystem/offline_nav/src/offnav/eskf/filter.py,python,36,0,0,0,6,0
UnderwaterRobotSystem/UnderwaterRobotSystem/shared/CMakeLists.txt,cmake,0,0,0,0,0,0
UnderwaterRobotSystem/UnderwaterRobotSystem/shared/shm/nav_state_shm.hpp,cpp,9,0,1,0,0,1
UnderwaterRobotSystem/UnderwaterRobotSystem/shared/shm/key_event_shm.hpp,cpp,0,0,0,0,0,0
UnderwaterRobotSystem/UnderwaterRobotSystem/shared/shm/control_intent_shm.hpp,cpp,1,0,0,0,0,6
UnderwaterRobotSystem/UnderwaterRobotSystem/shared/shm/nav_state_view_shm.hpp,cpp,9,0,1,0,0,1
UnderwaterRobotSystem/UnderwaterRobotSystem/shared/shm/key_event_ring_shm.hpp,cpp,24,0,0,4,0,0
UnderwaterRobotSystem/UnderwaterRobotSystem/shared/shm/telemetry_frame_v2_shm.hpp,cpp,1,0,0,0,0,19
UnderwaterRobotSystem/UnderwaterRobotSystem/shared/msg/nav_state.hpp,cpp,1,0,0,0,0,1
UnderwaterRobotSystem/UnderwaterRobotSystem/shared/msg/nav_state_view.hpp,cpp,0,0,0,0,0,0
UnderwaterRobotSystem/UnderwaterRobotSystem/shared/msg/telemetry_frame_v2.hpp,cpp,1,0,0,0,0,27
UnderwaterRobotSystem/UnderwaterRobotSystem/shared/msg/key_event.hpp,cpp,0,0,0,0,0,0
UnderwaterRobotSystem/UnderwaterRobotSystem/shared/msg/control_intent.hpp,cpp,1,0,0,0,0,16
UnderwaterRobotSystem/shared/CMakeLists.txt,cmake,0,0,0,0,0,0
UnderwaterRobotSystem/shared/shm/nav_state_shm.hpp,cpp,9,0,1,0,0,1
UnderwaterRobotSystem/shared/shm/key_event_shm.hpp,cpp,0,0,0,0,0,0
UnderwaterRobotSystem/shared/shm/control_intent_shm.hpp,cpp,1,0,0,0,0,6
UnderwaterRobotSystem/shared/shm/nav_state_view_shm.hpp,cpp,9,0,1,0,0,1
UnderwaterRobotSystem/shared/shm/key_event_ring_shm.hpp,cpp,24,0,0,4,0,0
UnderwaterRobotSystem/shared/shm/telemetry_frame_v2_shm.hpp,cpp,1,0,0,0,0,19
UnderwaterRobotSystem/shared/msg/nav_state.hpp,cpp,1,0,0,0,0,1
UnderwaterRobotSystem/shared/msg/nav_state_view.hpp,cpp,0,0,0,0,0,0
UnderwaterRobotSystem/shared/msg/telemetry_frame_v2.hpp,cpp,1,0,0,0,0,27
UnderwaterRobotSystem/shared/msg/key_event.hpp,cpp,0,0,0,0,0,0
UnderwaterRobotSystem/shared/msg/control_intent.hpp,cpp,1,0,0,0,0,16
UnderwaterRobotSystem/OrangePi_STM32_for_ROV/CMakeLists.txt,cmake,1,0,0,0,0,7
UnderwaterRobotSystem/OrangePi_STM32_for_ROV/proto_gcs/CMakeLists.txt,cmake,1,0,0,0,0,6
UnderwaterRobotSystem/OrangePi_STM32_for_ROV/proto_gcs/src/crc32c.cpp,cpp,7,0,0,1,0,2
UnderwaterRobotSystem/OrangePi_STM32_for_ROV/proto_gcs/include/proto_gcs/gcs_protocol.hpp,cpp,9,0,1,0,0,17
UnderwaterRobotSystem/OrangePi_STM32_for_ROV/gateway/CMakeLists.txt,cmake,6,1,0,0,0,30
UnderwaterRobotSystem/OrangePi_STM32_for_ROV/gateway/apps/gcs_client.cpp,cpp,1,0,0,0,0,79
UnderwaterRobotSystem/OrangePi_STM32_for_ROV/gateway/apps/intent_dump.cpp,cpp,1,0,0,0,0,8
UnderwaterRobotSystem/OrangePi_STM32_for_ROV/gateway/apps/nav_viewd.cpp,cpp,1,0,0,0,0,9
UnderwaterRobotSystem/OrangePi_STM32_for_ROV/gateway/apps/telemetry_dump.cpp,cpp,1,0,0,0,0,14
UnderwaterRobotSystem/OrangePi_STM32_for_ROV/gateway/apps/nav_view_dump.cpp,cpp,15,0,1,1,0,2
UnderwaterRobotSystem/OrangePi_STM32_for_ROV/gateway/apps/intentd.cpp,cpp,1,0,0,0,0,27
UnderwaterRobotSystem/OrangePi_STM32_for_ROV/gateway/apps/gcs_server.cpp,cpp,1,0,0,0,0,57
UnderwaterRobotSystem/OrangePi_STM32_for_ROV/gateway/apps/teleop_local.cpp,cpp,1,0,0,0,0,2
UnderwaterRobotSystem/OrangePi_STM32_for_ROV/gateway/tests/test_session.cpp,cpp,17,0,2,0,0,50
UnderwaterRobotSystem/OrangePi_STM32_for_ROV/gateway/tests/test_nav_view_builder.cpp,cpp,1,0,0,0,0,2
UnderwaterRobotSystem/OrangePi_STM32_for_ROV/gateway/tests/test_nav_view_policy.cpp,cpp,1,0,0,0,0,9
UnderwaterRobotSystem/OrangePi_STM32_for_ROV/gateway/tests/test_codec.cpp,cpp,25,0,3,0,0,15
UnderwaterRobotSystem/OrangePi_STM32_for_ROV/gateway/src/intent_publisher_shm.cpp,cpp,9,0,1,0,0,11
UnderwaterRobotSystem/OrangePi_STM32_for_ROV/gateway/src/udp/udp_endpoint.cpp,cpp,19,0,0,3,0,2
UnderwaterRobotSystem/OrangePi_STM32_for_ROV/gateway/src/udp/udp_client.cpp,cpp,7,0,0,1,0,4
UnderwaterRobotSystem/OrangePi_STM32_for_ROV/gateway/src/udp/udp_server.cpp,cpp,1,0,0,0,0,2
UnderwaterRobotSystem/OrangePi_STM32_for_ROV/gateway/src/session/gcs_session.cpp,cpp,65,0,8,0,0,37
UnderwaterRobotSystem/OrangePi_STM32_for_ROV/gateway/src/IPC/intent_subscriber_shm.cpp,cpp,9,0,1,0,0,10
UnderwaterRobotSystem/OrangePi_STM32_for_ROV/gateway/src/IPC/nav/nav_state_subscriber_shm.cpp,cpp,9,0,1,0,0,3
UnderwaterRobotSystem/OrangePi_STM32_for_ROV/gateway/src/IPC/nav/nav_view_policy.cpp,cpp,1,0,0,0,0,2
UnderwaterRobotSystem/OrangePi_STM32_for_ROV/gateway/src/IPC/nav/nav_state_subscriber.cpp,cpp,8,0,1,0,0,0
UnderwaterRobotSystem/OrangePi_STM32_for_ROV/gateway/src/IPC/nav/nav_view_builder.cpp,cpp,1,0,0,0,0,2
UnderwaterRobotSystem/OrangePi_STM32_for_ROV/gateway/src/IPC/nav/nav_view_publisher_shm.cpp,cpp,9,0,1,0,0,2
UnderwaterRobotSystem/OrangePi_STM32_for_ROV/gateway/src/IPC/intent/intent_arbiter.cpp,cpp,1,0,0,0,0,31
UnderwaterRobotSystem/OrangePi_STM32_for_ROV/gateway/src/IPC/intent/intent_mux.cpp,cpp,1,0,0,0,0,2
UnderwaterRobotSystem/OrangePi_STM32_for_ROV/gateway/src/IPC/intent/intent_keyboard_source.cpp,cpp,1,0,0,0,0,51
UnderwaterRobotSystem/OrangePi_STM32_for_ROV/gateway/src/IPC/state/telemetry_frame_v2_subscriber_shm.cpp,cpp,9,0,1,0,0,31
UnderwaterRobotSystem/OrangePi_STM32_for_ROV/gateway/src/IPC/keys/key_event_subscriber_shm.cpp,cpp,43,0,3,3,0,2
UnderwaterRobotSystem/OrangePi_STM32_for_ROV/gateway/src/IPC/keys/key_event_publisher_shm.cpp,cpp,21,0,1,2,0,2
UnderwaterRobotSystem/OrangePi_STM32_for_ROV/gateway/src/IPC/keys/keyboard_mapper.cpp,cpp,1,0,0,0,0,6
UnderwaterRobotSystem/OrangePi_STM32_for_ROV/gateway/include/gateway/version.hpp,cpp,1,0,0,0,0,16
UnderwaterRobotSystem/OrangePi_STM32_for_ROV/gateway/include/gateway/bytes.hpp,cpp,7,0,0,1,0,2
UnderwaterRobotSystem/OrangePi_STM32_for_ROV/gateway/include/gateway/intent_publisher_shm.hpp,cpp,21,0,1,2,0,7
UnderwaterRobotSystem/OrangePi_STM32_for_ROV/gateway/include/gateway/codec/packet_view.hpp,cpp,33,0,4,0,0,10
UnderwaterRobotSystem/OrangePi_STM32_for_ROV/gateway/include/gateway/codec/gcs_codec.hpp,cpp,33,0,4,0,0,31
UnderwaterRobotSystem/OrangePi_STM32_for_ROV/gateway/include/gateway/apps/gcs_client.hpp,cpp,1,0,0,0,0,54
UnderwaterRobotSystem/OrangePi_STM32_for_ROV/gateway/include/gateway/udp/udp_server.hpp,cpp,13,0,0,2,0,2
UnderwaterRobotSystem/OrangePi_STM32_for_ROV/gateway/include/gateway/udp/udp_client.hpp,cpp,13,0,0,2,0,3
UnderwaterRobotSystem/OrangePi_STM32_for_ROV/gateway/include/gateway/udp/udp_endpoint.hpp,cpp,13,0,0,2,0,2
UnderwaterRobotSystem/OrangePi_STM32_for_ROV/gateway/include/gateway/telemetry/status_telemetry_adapter.hpp,cpp,1,0,0,0,0,20
UnderwaterRobotSystem/OrangePi_STM32_for_ROV/gateway/include/gateway/session/gcs_session.hpp,cpp,1,0,0,0,0,32
UnderwaterRobotSystem/OrangePi_STM32_for_ROV/gateway/include/gateway/IPC/nav/nav_view_builder.hpp,cpp,1,0,0,0,0,2
UnderwaterRobotSystem/OrangePi_STM32_for_ROV/gateway/include/gateway/IPC/nav/nav_state_subscriber.hpp,cpp,12,0,0,2,0,0
UnderwaterRobotSystem/OrangePi_STM32_for_ROV/gateway/include/gateway/IPC/nav/nav_state_subscriber_shm.hpp,cpp,21,0,1,2,0,2
UnderwaterRobotSystem/OrangePi_STM32_for_ROV/gateway/include/gateway/IPC/nav/nav_view_publisher_shm.hpp,cpp,13,0,0,2,0,2
UnderwaterRobotSystem/OrangePi_STM32_for_ROV/gateway/include/gateway/IPC/nav/nav_view_policy.hpp,cpp,1,0,0,0,0,2
UnderwaterRobotSystem/OrangePi_STM32_for_ROV/gateway/include/gateway/IPC/intent/intent_arbiter.hpp,cpp,1,0,0,0,0,19
UnderwaterRobotSystem/OrangePi_STM32_for_ROV/gateway/include/gateway/IPC/intent/intent_mux.hpp,cpp,13,0,0,2,0,2
UnderwaterRobotSystem/OrangePi_STM32_for_ROV/gateway/include/gateway/IPC/intent/intent_keyboard_source.hpp,cpp,13,0,0,2,0,33
UnderwaterRobotSystem/OrangePi_STM32_for_ROV/gateway/include/gateway/IPC/intent/intent_subscriber_shm.hpp,cpp,13,0,0,2,0,13
UnderwaterRobotSystem/OrangePi_STM32_for_ROV/gateway/include/gateway/IPC/state/telemetry_frame_v2_subscriber_shm.hpp,cpp,13,0,0,2,0,16
UnderwaterRobotSystem/OrangePi_STM32_for_ROV/gateway/include/gateway/IPC/keys/keyboard_mapper.hpp,cpp,1,0,0,0,0,13
UnderwaterRobotSystem/OrangePi_STM32_for_ROV/gateway/include/gateway/IPC/keys/key_event_publisher_shm.hpp,cpp,1,0,0,0,0,2
UnderwaterRobotSystem/OrangePi_STM32_for_ROV/gateway/include/gateway/IPC/keys/key_event_subscriber_shm.hpp,cpp,1,0,0,0,0,2
UnderwaterRobotSystem/OrangePi_STM32_for_ROV/ros2_bridge/rov_state_bridge/setup.py,python,0,0,0,0,0,0
UnderwaterRobotSystem/OrangePi_STM32_for_ROV/ros2_bridge/rov_state_bridge/launch/stage1_preview.launch.py,python,0,0,0,0,0,0
UnderwaterRobotSystem/OrangePi_STM32_for_ROV/ros2_bridge/rov_state_bridge/tools/run_health_monitor_validation.py,python,1,0,0,0,0,3
UnderwaterRobotSystem/OrangePi_STM32_for_ROV/ros2_bridge/rov_state_bridge/tools/run_sample_bridge_validation.py,python,1,0,0,0,0,4
UnderwaterRobotSystem/OrangePi_STM32_for_ROV/ros2_bridge/rov_state_bridge/tools/run_ros2_graph_validation.py,python,7,0,0,0,1,12
UnderwaterRobotSystem/OrangePi_STM32_for_ROV/ros2_bridge/rov_state_bridge/tools/run_rosbag_validation.py,python,7,0,0,0,1,7
UnderwaterRobotSystem/OrangePi_STM32_for_ROV/ros2_bridge/rov_state_bridge/tests/test_bridge.py,python,1,0,0,0,0,2
UnderwaterRobotSystem/OrangePi_STM32_for_ROV/ros2_bridge/rov_state_bridge/tests/test_health_monitor.py,python,1,0,0,0,0,9
UnderwaterRobotSystem/OrangePi_STM32_for_ROV/ros2_bridge/rov_state_bridge/tests/test_shm_reader.py,python,1,0,0,0,0,8
UnderwaterRobotSystem/OrangePi_STM32_for_ROV/ros2_bridge/rov_state_bridge/tests/test_layout_contracts.py,python,7,0,0,0,1,8
UnderwaterRobotSystem/OrangePi_STM32_for_ROV/ros2_bridge/rov_state_bridge/tests/test_mapping.py,python,1,0,0,0,0,3
UnderwaterRobotSystem/OrangePi_STM32_for_ROV/ros2_bridge/rov_state_bridge/src/rov_state_bridge/ros2_health_node.py,python,1,0,0,0,0,3
UnderwaterRobotSystem/OrangePi_STM32_for_ROV/ros2_bridge/rov_state_bridge/src/rov_state_bridge/health_monitor.py,python,1,0,0,0,0,21
UnderwaterRobotSystem/OrangePi_STM32_for_ROV/ros2_bridge/rov_state_bridge/src/rov_state_bridge/shm_reader.py,python,0,0,0,0,0,0
UnderwaterRobotSystem/OrangePi_STM32_for_ROV/ros2_bridge/rov_state_bridge/src/rov_state_bridge/layouts.py,python,1,0,0,0,0,13
UnderwaterRobotSystem/OrangePi_STM32_for_ROV/ros2_bridge/rov_state_bridge/src/rov_state_bridge/mapping.py,python,1,0,0,0,0,19
UnderwaterRobotSystem/OrangePi_STM32_for_ROV/ros2_bridge/rov_state_bridge/src/rov_state_bridge/publisher_backend.py,python,0,0,0,0,0,0
UnderwaterRobotSystem/OrangePi_STM32_for_ROV/ros2_bridge/rov_state_bridge/src/rov_state_bridge/__init__.py,python,1,0,0,0,0,2
UnderwaterRobotSystem/OrangePi_STM32_for_ROV/ros2_bridge/rov_state_bridge/src/rov_state_bridge/models.py,python,1,0,0,0,0,12
UnderwaterRobotSystem/OrangePi_STM32_for_ROV/ros2_bridge/rov_state_bridge/src/rov_state_bridge/__main__.py,python,0,0,0,0,0,0
UnderwaterRobotSystem/OrangePi_STM32_for_ROV/ros2_bridge/rov_state_bridge/src/rov_state_bridge/constants.py,python,0,0,0,0,0,0
UnderwaterRobotSystem/OrangePi_STM32_for_ROV/ros2_bridge/rov_state_bridge/src/rov_state_bridge/bridge.py,python,1,0,0,0,0,7
UnderwaterRobotSystem/OrangePi_STM32_for_ROV/ros2_bridge/rov_state_bridge/src/rov_state_bridge/cli.py,python,0,0,0,0,0,0
UnderwaterRobotSystem/OrangePi_STM32_for_ROV/ros2_bridge/rov_msgs/CMakeLists.txt,cmake,1,0,0,0,0,2
UnderwaterRobotSystem/OrangePi_STM32_for_ROV/pwm_control_program/CMakeLists.txt,cmake,1,0,0,0,0,83
UnderwaterRobotSystem/OrangePi_STM32_for_ROV/pwm_control_program/tests/test_v1_closed_loop.cpp,cpp,1,0,0,0,0,87
UnderwaterRobotSystem/OrangePi_STM32_for_ROV/pwm_control_program/tests/test_control_loop_logger.cpp,cpp,1,0,0,0,0,3
UnderwaterRobotSystem/OrangePi_STM32_for_ROV/pwm_control_program/tests/test_nav_view_shm_source.cpp,cpp,1,0,0,0,0,7
UnderwaterRobotSystem/OrangePi_STM32_for_ROV/pwm_control_program/tests/test_pid_framework.cpp,cpp,1,0,0,0,0,13
UnderwaterRobotSystem/OrangePi_STM32_for_ROV/pwm_control_program/tests/test_nav_reconnect_pipeline.cpp,cpp,21,0,1,2,0,35
UnderwaterRobotSystem/OrangePi_STM32_for_ROV/pwm_control_program/tests/test_telemetry_timeline_logger.cpp,cpp,1,0,0,0,0,3
UnderwaterRobotSystem/OrangePi_STM32_for_ROV/pwm_control_program/src/main.cpp,cpp,1,0,0,0,0,5
UnderwaterRobotSystem/OrangePi_STM32_for_ROV/pwm_control_program/src/platform/pwm_client.cpp,cpp,1,0,0,0,0,42
UnderwaterRobotSystem/OrangePi_STM32_for_ROV/pwm_control_program/src/platform/timebase.cpp,cpp,0,0,0,0,0,0
UnderwaterRobotSystem/OrangePi_STM32_for_ROV/pwm_control_program/src/control_core/app_context.cpp,cpp,1,0,0,0,0,43
UnderwaterRobotSystem/OrangePi_STM32_for_ROV/pwm_control_program/src/control_core/control_loop.cpp,cpp,1,0,0,0,0,1
UnderwaterRobotSystem/OrangePi_STM32_for_ROV/pwm_control_program/src/control_core/telemetry_frame_builder.cpp,cpp,1,0,0,0,0,24
UnderwaterRobotSystem/OrangePi_STM32_for_ROV/pwm_control_program/src/control_core/control_guard.cpp,cpp,1,0,0,0,0,127
UnderwaterRobotSystem/OrangePi_STM32_for_ROV/pwm_control_program/src/control_core/app_main.cpp,cpp,13,0,0,2,0,19
UnderwaterRobotSystem/OrangePi_STM32_for_ROV/pwm_control_program/src/control_core/trajectory_tracking.cpp,cpp,0,0,0,0,0,0
UnderwaterRobotSystem/OrangePi_STM32_for_ROV/pwm_control_program/src/control_core/thruster_allocation.cpp,cpp,1,0,0,0,0,35
UnderwaterRobotSystem/OrangePi_STM32_for_ROV/pwm_control_program/src/control_core/loop/control_loop_log.cpp,cpp,1,0,0,0,0,4
UnderwaterRobotSystem/OrangePi_STM32_for_ROV/pwm_control_program/src/control_core/loop/control_loop_helpers.cpp,cpp,1,0,0,0,0,14
UnderwaterRobotSystem/OrangePi_STM32_for_ROV/pwm_control_program/src/control_core/loop/control_loop_nav.cpp,cpp,12,0,0,2,0,0
UnderwaterRobotSystem/OrangePi_STM32_for_ROV/pwm_control_program/src/control_core/loop/control_loop_run.cpp,cpp,6,1,0,0,0,86
UnderwaterRobotSystem/OrangePi_STM32_for_ROV/pwm_control_program/src/io/nav/nav_view_shm_source.cpp,cpp,0,0,0,0,0,0
UnderwaterRobotSystem/OrangePi_STM32_for_ROV/pwm_control_program/src/io/nav/nav_view_subscriber_shm.cpp,cpp,14,0,1,1,0,0
UnderwaterRobotSystem/OrangePi_STM32_for_ROV/pwm_control_program/src/io/log/pwm_logger.cpp,cpp,1,0,0,0,0,1
UnderwaterRobotSystem/OrangePi_STM32_for_ROV/pwm_control_program/src/io/log/control_loop_logger.cpp,cpp,1,0,0,0,0,11
UnderwaterRobotSystem/OrangePi_STM32_for_ROV/pwm_control_program/src/io/log/telemetry_timeline_logger.cpp,cpp,1,0,0,0,0,20
UnderwaterRobotSystem/OrangePi_STM32_for_ROV/pwm_control_program/src/io/input/intent_subscriber_shm.cpp,cpp,7,0,0,1,0,7
UnderwaterRobotSystem/OrangePi_STM32_for_ROV/pwm_control_program/src/io/input/key_event_subscriber_shm.cpp,cpp,22,0,2,1,0,0
UnderwaterRobotSystem/OrangePi_STM32_for_ROV/pwm_control_program/src/io/input/control_intent_wire_codec.cpp,cpp,1,0,0,0,0,23
UnderwaterRobotSystem/OrangePi_STM32_for_ROV/pwm_control_program/src/io/input/multi_input_provider.cpp,cpp,1,0,0,0,0,34
UnderwaterRobotSystem/OrangePi_STM32_for_ROV/pwm_control_program/src/io/input/control_intent_wire_adapter.cpp,cpp,1,0,0,0,0,3
UnderwaterRobotSystem/OrangePi_STM32_for_ROV/pwm_control_program/src/io/input/teleop_input.cpp,cpp,1,0,0,0,0,15
UnderwaterRobotSystem/OrangePi_STM32_for_ROV/pwm_control_program/src/io/input/gcs_shm_input_provider.cpp,cpp,7,0,0,1,0,3
UnderwaterRobotSystem/OrangePi_STM32_for_ROV/pwm_control_program/src/io/teleop/teleop_keyboard.cpp,cpp,1,0,0,0,0,75
UnderwaterRobotSystem/OrangePi_STM32_for_ROV/pwm_control_program/src/io/state/telemetry_publisher_shm.cpp,cpp,1,0,0,0,0,30
UnderwaterRobotSystem/OrangePi_STM32_for_ROV/pwm_control_program/src/utils/config_loader.cpp,cpp,1,0,0,0,0,1
UnderwaterRobotSystem/OrangePi_STM32_for_ROV/pwm_control_program/src/utils/config_loader_trajectory.cpp,cpp,0,0,0,0,0,0
UnderwaterRobotSystem/OrangePi_STM32_for_ROV/pwm_control_program/src/utils/config_loader_pwm_client.cpp,cpp,0,0,0,0,0,0
UnderwaterRobotSystem/OrangePi_STM32_for_ROV/pwm_control_program/src/utils/config_loader_teleop_mixer.cpp,cpp,1,0,0,0,0,9
UnderwaterRobotSystem/OrangePi_STM32_for_ROV/pwm_control_program/src/utils/config_loader_alloc.cpp,cpp,1,0,0,0,0,26
UnderwaterRobotSystem/OrangePi_STM32_for_ROV/pwm_control_program/src/controllers/controller_manager.cpp,cpp,12,1,0,1,0,11
UnderwaterRobotSystem/OrangePi_STM32_for_ROV/pwm_control_program/src/controllers/manual_controller.cpp,cpp,1,0,0,0,0,10
UnderwaterRobotSystem/OrangePi_STM32_for_ROV/pwm_control_program/src/controllers/pid_controller.cpp,cpp,0,0,0,0,0,0
UnderwaterRobotSystem/OrangePi_STM32_for_ROV/pwm_control_program/include/platform/timebase.hpp,cpp,0,0,0,0,0,0
UnderwaterRobotSystem/OrangePi_STM32_for_ROV/pwm_control_program/include/platform/pwm_client.hpp,cpp,13,0,0,2,0,13
UnderwaterRobotSystem/OrangePi_STM32_for_ROV/pwm_control_program/include/control_core/control_mode.hpp,cpp,1,0,0,0,0,6
UnderwaterRobotSystem/OrangePi_STM32_for_ROV/pwm_control_program/include/control_core/app_context.hpp,cpp,1,0,0,0,0,11
UnderwaterRobotSystem/OrangePi_STM32_for_ROV/pwm_control_program/include/control_core/control_guard.hpp,cpp,1,0,0,0,0,34
UnderwaterRobotSystem/OrangePi_STM32_for_ROV/pwm_control_program/include/control_core/control_loop.hpp,cpp,25,0,0,4,0,35
UnderwaterRobotSystem/OrangePi_STM32_for_ROV/pwm_control_program/include/control_core/app_main.hpp,cpp,1,0,0,0,0,14
UnderwaterRobotSystem/OrangePi_STM32_for_ROV/pwm_control_program/include/control_core/thruster_allocation.hpp,cpp,1,0,0,0,0,23
UnderwaterRobotSystem/OrangePi_STM32_for_ROV/pwm_control_program/include/control_core/telemetry_frame_builder.hpp,cpp,1,0,0,0,0,9
UnderwaterRobotSystem/OrangePi_STM32_for_ROV/pwm_control_program/include/control_core/teleop_mixer.hpp,cpp,1,0,0,0,0,3
UnderwaterRobotSystem/OrangePi_STM32_for_ROV/pwm_control_program/include/control_core/trajectory_tracking.hpp,cpp,0,0,0,0,0,0
UnderwaterRobotSystem/OrangePi_STM32_for_ROV/pwm_control_program/include/control_core/mode.hpp,cpp,13,0,0,2,0,3
UnderwaterRobotSystem/OrangePi_STM32_for_ROV/pwm_control_program/include/control_core/control_types.hpp,cpp,1,0,0,0,0,2
UnderwaterRobotSystem/OrangePi_STM32_for_ROV/pwm_control_program/include/control_core/control_intent.hpp,cpp,1,0,0,0,0,17
UnderwaterRobotSystem/OrangePi_STM32_for_ROV/pwm_control_program/include/io/control_mode.hpp,cpp,0,0,0,0,0,0
UnderwaterRobotSystem/OrangePi_STM32_for_ROV/pwm_control_program/include/io/nav/nav_view_subscriber_shm.hpp,cpp,12,0,0,2,0,0
UnderwaterRobotSystem/OrangePi_STM32_for_ROV/pwm_control_program/include/io/nav/nav_state_view.hpp,cpp,0,0,0,0,0,0
UnderwaterRobotSystem/OrangePi_STM32_for_ROV/pwm_control_program/include/io/nav/nav_view_shm_source.hpp,cpp,0,0,0,0,0,0
UnderwaterRobotSystem/OrangePi_STM32_for_ROV/pwm_control_program/include/io/nav/nav_state_source.hpp,cpp,0,0,0,0,0,0
UnderwaterRobotSystem/OrangePi_STM32_for_ROV/pwm_control_program/include/io/log/pwm_logger.hpp,cpp,13,0,0,2,0,3
UnderwaterRobotSystem/OrangePi_STM32_for_ROV/pwm_control_program/include/io/log/control_loop_logger.hpp,cpp,1,0,0,0,0,11
UnderwaterRobotSystem/OrangePi_STM32_for_ROV/pwm_control_program/include/io/log/telemetry_timeline_logger.hpp,cpp,7,0,0,1,0,5
UnderwaterRobotSystem/OrangePi_STM32_for_ROV/pwm_control_program/include/io/input/control_intent_wire_adapter.hpp,cpp,1,0,0,0,0,4
UnderwaterRobotSystem/OrangePi_STM32_for_ROV/pwm_control_program/include/io/input/gcs_shm_input_provider.hpp,cpp,13,0,0,2,0,9
UnderwaterRobotSystem/OrangePi_STM32_for_ROV/pwm_control_program/include/io/input/control_intent_wire_codec.hpp,cpp,1,0,0,0,0,4
UnderwaterRobotSystem/OrangePi_STM32_for_ROV/pwm_control_program/include/io/input/multi_input_provider.hpp,cpp,1,0,0,0,0,8
UnderwaterRobotSystem/OrangePi_STM32_for_ROV/pwm_control_program/include/io/input/input_provider.hpp,cpp,1,0,0,0,0,10
UnderwaterRobotSystem/OrangePi_STM32_for_ROV/pwm_control_program/include/io/input/intent_sink.hpp,cpp,1,0,0,0,0,2
UnderwaterRobotSystem/OrangePi_STM32_for_ROV/pwm_control_program/include/io/input/teleop_input.hpp,cpp,1,0,0,0,0,13
UnderwaterRobotSystem/OrangePi_STM32_for_ROV/pwm_control_program/include/io/input/key_event_subscriber_shm.hpp,cpp,12,0,0,2,0,0
UnderwaterRobotSystem/OrangePi_STM32_for_ROV/pwm_control_program/include/io/input/intent_subscriber_shm.hpp,cpp,13,0,0,2,0,3
UnderwaterRobotSystem/OrangePi_STM32_for_ROV/pwm_control_program/include/io/teleop/teleop_keyboard.h,cpp,1,0,0,0,0,28
UnderwaterRobotSystem/OrangePi_STM32_for_ROV/pwm_control_program/include/io/gcs/gcs_session.hpp,cpp,1,0,0,0,0,4
UnderwaterRobotSystem/OrangePi_STM32_for_ROV/pwm_control_program/include/io/gcs/telemetry_frame.hpp,cpp,1,0,0,0,0,14
UnderwaterRobotSystem/OrangePi_STM32_for_ROV/pwm_control_program/include/io/state/telemetry_publisher_shm.hpp,cpp,13,0,0,2,0,13
UnderwaterRobotSystem/OrangePi_STM32_for_ROV/pwm_control_program/include/utils/config_loader.hpp,cpp,1,0,0,0,0,10
UnderwaterRobotSystem/OrangePi_STM32_for_ROV/pwm_control_program/include/utils/detail/dof.hpp,cpp,0,0,0,0,0,0
UnderwaterRobotSystem/OrangePi_STM32_for_ROV/pwm_control_program/include/utils/detail/trajectory_parsers.hpp,cpp,0,0,0,0,0,0
UnderwaterRobotSystem/OrangePi_STM32_for_ROV/pwm_control_program/include/utils/detail/yaml_helpers.hpp,cpp,0,0,0,0,0,0
UnderwaterRobotSystem/OrangePi_STM32_for_ROV/pwm_control_program/include/utils/detail/config_log.hpp,cpp,0,0,0,0,0,0
UnderwaterRobotSystem/OrangePi_STM32_for_ROV/pwm_control_program/include/controllers/pid_controller.hpp,cpp,0,0,0,0,0,0
UnderwaterRobotSystem/OrangePi_STM32_for_ROV/pwm_control_program/include/controllers/controller_manager.hpp,cpp,25,0,0,4,0,16
UnderwaterRobotSystem/OrangePi_STM32_for_ROV/pwm_control_program/include/controllers/controller_base.hpp,cpp,1,0,0,0,0,2
UnderwaterRobotSystem/OrangePi_STM32_for_ROV/pwm_control_program/include/controllers/manual_controller.hpp,cpp,1,0,0,0,0,16
UnderwaterRobotSystem/OrangePi_STM32_for_ROV/orangepi_send/CMakeLists.txt,cmake,1,0,0,0,0,3
UnderwaterRobotSystem/OrangePi_STM32_for_ROV/orangepi_send/src/UdpSender.cpp,cpp,48,0,0,8,0,0
UnderwaterRobotSystem/OrangePi_STM32_for_ROV/orangepi_send/src/libpwm_host.c,cpp,89,0,11,0,0,107
UnderwaterRobotSystem/OrangePi_STM32_for_ROV/orangepi_send/src/pwm_control.c,cpp,1,0,0,0,0,108
UnderwaterRobotSystem/OrangePi_STM32_for_ROV/orangepi_send/src/PwmFrameBuilder.cpp,cpp,67,0,3,7,0,4
UnderwaterRobotSystem/OrangePi_STM32_for_ROV/orangepi_send/src/crc16_ccitt.cpp,cpp,0,0,0,0,0,0
UnderwaterRobotSystem/OrangePi_STM32_for_ROV/orangepi_send/src/protocol_pack.c,cpp,1,0,0,0,0,1
UnderwaterRobotSystem/OrangePi_STM32_for_ROV/orangepi_send/src/main.cpp,cpp,1,0,0,0,0,4
UnderwaterRobotSystem/OrangePi_STM32_for_ROV/orangepi_send/include/libpwm_host.h,cpp,1,0,0,0,0,57
UnderwaterRobotSystem/OrangePi_STM32_for_ROV/orangepi_send/include/UdpSender.h,cpp,0,0,0,0,0,0
UnderwaterRobotSystem/OrangePi_STM32_for_ROV/orangepi_send/include/crc16_ccitt.h,cpp,12,0,0,2,0,0
UnderwaterRobotSystem/OrangePi_STM32_for_ROV/orangepi_send/include/pwm_control.h,cpp,9,0,1,0,0,51
UnderwaterRobotSystem/OrangePi_STM32_for_ROV/orangepi_send/include/protocol_pack.hpp,cpp,1,0,0,0,0,1
UnderwaterRobotSystem/OrangePi_STM32_for_ROV/orangepi_send/include/PwmFrameBuilder.h,cpp,1,0,0,0,0,13
UnderwaterRobotSystem/OrangePi_STM32_for_ROV/orangepi_send/include/protocol_pack.h,cpp,1,0,0,0,0,2
UnderWaterRobotGCS/tests/test_ros2_mirror_adapter.py,python,1,0,0,0,0,6
UnderWaterRobotGCS/tests/test_telemetry_viewmodels.py,python,1,0,0,0,0,24
UnderWaterRobotGCS/tests/test_gui_overview_presenter.py,python,1,0,0,0,0,22
UnderWaterRobotGCS/tests/test_keyboard_mapper.py,python,1,0,0,0,0,1
UnderWaterRobotGCS/tests/test_tui_view.py,python,1,0,0,0,0,6
UnderWaterRobotGCS/tests/test_codec.py,python,1,0,0,0,0,4
UnderWaterRobotGCS/tests/test_ros2_mirror_source.py,python,1,0,0,0,0,4
UnderWaterRobotGCS/tests/test_nav_diagnostics.py,python,1,0,0,0,0,3
UnderWaterRobotGCS/tests/test_service_state.py,python,1,0,0,0,0,4
UnderWaterRobotGCS/tests/test_gui_env.py,python,1,0,0,0,0,1
UnderWaterRobotGCS/src/urogcs/telemetry/ui_viewmodels.py,python,1,0,0,0,0,14
UnderWaterRobotGCS/src/urogcs/telemetry/ros2_mirror_adapter.py,python,1,0,0,0,0,18
UnderWaterRobotGCS/src/urogcs/telemetry/ros2_mirror_source.py,python,1,0,0,0,0,16
UnderWaterRobotGCS/src/urogcs/telemetry/alarms.py,python,1,0,0,0,0,14
UnderWaterRobotGCS/src/urogcs/telemetry/model.py,python,1,0,0,0,0,13
UnderWaterRobotGCS/src/urogcs/tools/intent_watch.py,python,7,0,0,0,1,20
UnderWaterRobotGCS/src/urogcs/tools/replay.py,python,1,0,0,0,0,2
UnderWaterRobotGCS/src/urogcs/tools/preflight_check.py,python,1,0,0,0,0,2
UnderWaterRobotGCS/src/urogcs/tools/pcap_export.py,python,1,0,0,0,0,17
UnderWaterRobotGCS/src/urogcs/transport/udp_link.py,python,7,0,0,0,1,3
UnderWaterRobotGCS/src/urogcs/transport/recorder.py,python,1,0,0,0,0,1
UnderWaterRobotGCS/src/urogcs/app/gui_main.py,python,1,0,0,0,0,2
UnderWaterRobotGCS/src/urogcs/app/tui/tui_loop.py,python,13,0,0,0,2,50
UnderWaterRobotGCS/src/urogcs/app/tui/tui_env.py,python,1,0,0,0,0,2
UnderWaterRobotGCS/src/urogcs/app/tui/tui_keys.py,python,19,0,0,0,3,23
UnderWaterRobotGCS/src/urogcs/app/tui/tui_main.py,python,1,0,0,0,0,1
UnderWaterRobotGCS/src/urogcs/app/tui/tui_view.py,python,1,0,0,0,0,37
UnderWaterRobotGCS/src/urogcs/app/gui/gui_env.py,python,0,0,0,0,0,0
UnderWaterRobotGCS/src/urogcs/app/gui/overview_presenter.py,python,7,0,0,0,1,13
UnderWaterRobotGCS/src/urogcs/app/gui/main_window.py,python,7,0,0,0,1,8
UnderWaterRobotGCS/src/urogcs/app/gui/__init__.py,python,0,0,0,0,0,0
UnderWaterRobotGCS/src/urogcs/protocol/wire.py,python,1,0,0,0,0,3
UnderWaterRobotGCS/src/urogcs/protocol/codec.py,python,1,0,0,0,0,40
UnderWaterRobotGCS/src/urogcs/protocol/messages.py,python,7,0,0,0,1,6
UnderWaterRobotGCS/src/urogcs/protocol/crc32c.py,python,1,0,0,0,0,1
UnderWaterRobotGCS/src/urogcs/core/service.py,python,7,0,0,0,1,25
UnderWaterRobotGCS/src/urogcs/control/keyboard_mapper.py,python,1,0,0,0,0,5
UnderWaterRobotGCS/src/urogcs/control/safety.py,python,1,0,0,0,0,4
UnderWaterRobotGCS/src/urogcs/session/session_client.py,python,19,0,0,0,3,35
2026-01-26/plot_dvl_trajs.py,python,0,0,0,0,0,0
2026-01-26/dvl_traj_build.py,python,0,0,0,0,0,0
